create table Account_ (
	accountId decimal(20,0) not null primary key,
	companyId decimal(20,0),
	userId decimal(20,0),
	userName varchar(75) null,
	createDate datetime null,
	modifiedDate datetime null,
	parentAccountId decimal(20,0),
	name varchar(75) null,
	legalName varchar(75) null,
	legalId varchar(75) null,
	legalType varchar(75) null,
	sicCode varchar(75) null,
	tickerSymbol varchar(75) null,
	industry varchar(75) null,
	type_ varchar(75) null,
	size_ varchar(75) null
)
go

create table Address (
	addressId decimal(20,0) not null primary key,
	companyId decimal(20,0),
	userId decimal(20,0),
	userName varchar(75) null,
	createDate datetime null,
	modifiedDate datetime null,
	classNameId decimal(20,0),
	classPK decimal(20,0),
	street1 varchar(75) null,
	street2 varchar(75) null,
	street3 varchar(75) null,
	city varchar(75) null,
	zip varchar(75) null,
	regionId decimal(20,0),
	countryId decimal(20,0),
	typeId int,
	mailing int,
	primary_ int
)
go

create table AnnouncementsDelivery (
	deliveryId decimal(20,0) not null primary key,
	companyId decimal(20,0),
	userId decimal(20,0),
	type_ varchar(75) null,
	email int,
	sms int,
	website int
)
go

create table AnnouncementsEntry (
	uuid_ varchar(75) null,
	entryId decimal(20,0) not null primary key,
	companyId decimal(20,0),
	userId decimal(20,0),
	userName varchar(75) null,
	createDate datetime null,
	modifiedDate datetime null,
	classNameId decimal(20,0),
	classPK decimal(20,0),
	title varchar(75) null,
	content varchar(1000) null,
	url varchar(1000) null,
	type_ varchar(75) null,
	displayDate datetime null,
	expirationDate datetime null,
	priority int,
	alert int
)
go

create table AnnouncementsFlag (
	flagId decimal(20,0) not null primary key,
	userId decimal(20,0),
	createDate datetime null,
	entryId decimal(20,0),
	value int
)
go

create table BlogsCategory (
	categoryId decimal(20,0) not null primary key,
	companyId decimal(20,0),
	userId decimal(20,0),
	userName varchar(75) null,
	createDate datetime null,
	modifiedDate datetime null,
	parentCategoryId decimal(20,0),
	name varchar(75) null,
	description varchar(1000) null
)
go

create table BlogsEntry (
	uuid_ varchar(75) null,
	entryId decimal(20,0) not null primary key,
	groupId decimal(20,0),
	companyId decimal(20,0),
	userId decimal(20,0),
	userName varchar(75) null,
	createDate datetime null,
	modifiedDate datetime null,
	title varchar(150) null,
	urlTitle varchar(150) null,
	content text null,
	displayDate datetime null,
	draft int,
	allowTrackbacks int,
	trackbacks text null
)
go

create table BlogsStatsUser (
	statsUserId decimal(20,0) not null primary key,
	groupId decimal(20,0),
	companyId decimal(20,0),
	userId decimal(20,0),
	entryCount int,
	lastPostDate datetime null,
	ratingsTotalEntries int,
	ratingsTotalScore float,
	ratingsAverageScore float
)
go

create table BookmarksEntry (
	uuid_ varchar(75) null,
	entryId decimal(20,0) not null primary key,
	companyId decimal(20,0),
	userId decimal(20,0),
	createDate datetime null,
	modifiedDate datetime null,
	folderId decimal(20,0),
	name varchar(300) null,
	url varchar(1000) null,
	comments varchar(1000) null,
	visits int,
	priority int
)
go

create table BookmarksFolder (
	uuid_ varchar(75) null,
	folderId decimal(20,0) not null primary key,
	groupId decimal(20,0),
	companyId decimal(20,0),
	userId decimal(20,0),
	createDate datetime null,
	modifiedDate datetime null,
	parentFolderId decimal(20,0),
	name varchar(75) null,
	description varchar(1000) null
)
go

create table CalEvent (
	uuid_ varchar(75) null,
	eventId decimal(20,0) not null primary key,
	groupId decimal(20,0),
	companyId decimal(20,0),
	userId decimal(20,0),
	userName varchar(75) null,
	createDate datetime null,
	modifiedDate datetime null,
	title varchar(75) null,
	description varchar(1000) null,
	startDate datetime null,
	endDate datetime null,
	durationHour int,
	durationMinute int,
	allDay int,
	timeZoneSensitive int,
	type_ varchar(75) null,
	repeating int,
	recurrence text null,
	remindBy varchar(75) null,
	firstReminder int,
	secondReminder int
)
go

create table ClassName_ (
	classNameId decimal(20,0) not null primary key,
	value varchar(200) null
)
go

create table Company (
	companyId decimal(20,0) not null primary key,
	accountId decimal(20,0),
	webId varchar(75) null,
	key_ text null,
	virtualHost varchar(75) null,
	mx varchar(75) null,
	logoId decimal(20,0)
)
go

create table CongViec (
	macv varchar(75) not null primary key,
	tencv varchar(75) null,
	linhvucid varchar(75) null,
	nguoitao decimal(20,0),
	ngaytao datetime null,
	ngayhethan datetime null,
	nguoichidao decimal(20,0),
	doithuchien varchar(75) null,
	ykienchidao varchar(75) null,
	baocaochidao varchar(75) null,
	chidaothem varchar(75) null
)
go

create table Contact_ (
	contactId decimal(20,0) not null primary key,
	companyId decimal(20,0),
	userId decimal(20,0),
	userName varchar(75) null,
	createDate datetime null,
	modifiedDate datetime null,
	accountId decimal(20,0),
	parentContactId decimal(20,0),
	firstName varchar(75) null,
	middleName varchar(75) null,
	lastName varchar(75) null,
	prefixId int,
	suffixId int,
	male int,
	birthday datetime null,
	smsSn varchar(75) null,
	aimSn varchar(75) null,
	facebookSn varchar(75) null,
	icqSn varchar(75) null,
	jabberSn varchar(75) null,
	msnSn varchar(75) null,
	mySpaceSn varchar(75) null,
	skypeSn varchar(75) null,
	twitterSn varchar(75) null,
	ymSn varchar(75) null,
	employeeStatusId varchar(75) null,
	employeeNumber varchar(75) null,
	jobTitle varchar(100) null,
	jobClass varchar(75) null,
	hoursOfOperation varchar(75) null
)
go

create table Counter (
	name varchar(75) not null primary key,
	currentId decimal(20,0)
)
go

create table Country (
	countryId decimal(20,0) not null primary key,
	name varchar(75) null,
	a2 varchar(75) null,
	a3 varchar(75) null,
	number_ varchar(75) null,
	idd_ varchar(75) null,
	active_ int
)
go

create table CyrusUser (
	userId varchar(75) not null primary key,
	password_ varchar(75) not null
)
go

create table CyrusVirtual (
	emailAddress varchar(75) not null primary key,
	userId varchar(75) not null
)
go

create table DLFileEntry (
	uuid_ varchar(75) null,
	fileEntryId decimal(20,0) not null primary key,
	companyId decimal(20,0),
	userId decimal(20,0),
	userName varchar(75) null,
	versionUserId decimal(20,0),
	versionUserName varchar(75) null,
	createDate datetime null,
	modifiedDate datetime null,
	folderId decimal(20,0),
	name varchar(300) null,
	title varchar(300) null,
	description varchar(1000) null,
	version float,
	size_ int,
	readCount int,
	extraSettings text null
)
go

create table DLFileRank (
	fileRankId decimal(20,0) not null primary key,
	companyId decimal(20,0),
	userId decimal(20,0),
	createDate datetime null,
	folderId decimal(20,0),
	name varchar(300) null
)
go

create table DLFileShortcut (
	uuid_ varchar(75) null,
	fileShortcutId decimal(20,0) not null primary key,
	companyId decimal(20,0),
	userId decimal(20,0),
	userName varchar(75) null,
	createDate datetime null,
	modifiedDate datetime null,
	folderId decimal(20,0),
	toFolderId decimal(20,0),
	toName varchar(300) null
)
go

create table DLFileVersion (
	fileVersionId decimal(20,0) not null primary key,
	companyId decimal(20,0),
	userId decimal(20,0),
	userName varchar(75) null,
	createDate datetime null,
	folderId decimal(20,0),
	name varchar(300) null,
	version float,
	size_ int
)
go

create table DLFolder (
	uuid_ varchar(75) null,
	folderId decimal(20,0) not null primary key,
	groupId decimal(20,0),
	companyId decimal(20,0),
	userId decimal(20,0),
	userName varchar(75) null,
	createDate datetime null,
	modifiedDate datetime null,
	parentFolderId decimal(20,0),
	name varchar(100) null,
	description varchar(1000) null,
	lastPostDate datetime null
)
go

create table EmailAddress (
	emailAddressId decimal(20,0) not null primary key,
	companyId decimal(20,0),
	userId decimal(20,0),
	userName varchar(75) null,
	createDate datetime null,
	modifiedDate datetime null,
	classNameId decimal(20,0),
	classPK decimal(20,0),
	address varchar(75) null,
	typeId int,
	primary_ int
)
go

create table ExpandoColumn (
	columnId decimal(20,0) not null primary key,
	tableId decimal(20,0),
	name varchar(75) null,
	type_ int
)
go

create table ExpandoRow (
	rowId_ decimal(20,0) not null primary key,
	tableId decimal(20,0),
	classPK decimal(20,0)
)
go

create table ExpandoTable (
	tableId decimal(20,0) not null primary key,
	classNameId decimal(20,0),
	name varchar(75) null
)
go

create table ExpandoValue (
	valueId decimal(20,0) not null primary key,
	tableId decimal(20,0),
	columnId decimal(20,0),
	rowId_ decimal(20,0),
	classNameId decimal(20,0),
	classPK decimal(20,0),
	data_ varchar(1000) null
)
go

create table Group_ (
	groupId decimal(20,0) not null primary key,
	companyId decimal(20,0),
	creatorUserId decimal(20,0),
	classNameId decimal(20,0),
	classPK decimal(20,0),
	parentGroupId decimal(20,0),
	liveGroupId decimal(20,0),
	name varchar(75) null,
	description varchar(1000) null,
	type_ int,
	typeSettings varchar(1000) null,
	friendlyURL varchar(100) null,
	active_ int
)
go

create table Groups_Orgs (
	groupId decimal(20,0) not null,
	organizationId decimal(20,0) not null,
	primary key (groupId, organizationId)
)
go

create table Groups_Permissions (
	groupId decimal(20,0) not null,
	permissionId decimal(20,0) not null,
	primary key (groupId, permissionId)
)
go

create table Groups_Roles (
	groupId decimal(20,0) not null,
	roleId decimal(20,0) not null,
	primary key (groupId, roleId)
)
go

create table Groups_UserGroups (
	groupId decimal(20,0) not null,
	userGroupId decimal(20,0) not null,
	primary key (groupId, userGroupId)
)
go

create table IGFolder (
	uuid_ varchar(75) null,
	folderId decimal(20,0) not null primary key,
	groupId decimal(20,0),
	companyId decimal(20,0),
	userId decimal(20,0),
	createDate datetime null,
	modifiedDate datetime null,
	parentFolderId decimal(20,0),
	name varchar(75) null,
	description varchar(1000) null
)
go

create table IGImage (
	uuid_ varchar(75) null,
	imageId decimal(20,0) not null primary key,
	companyId decimal(20,0),
	userId decimal(20,0),
	createDate datetime null,
	modifiedDate datetime null,
	folderId decimal(20,0),
	name varchar(75) null,
	description varchar(1000) null,
	smallImageId decimal(20,0),
	largeImageId decimal(20,0),
	custom1ImageId decimal(20,0),
	custom2ImageId decimal(20,0)
)
go

create table Image (
	imageId decimal(20,0) not null primary key,
	modifiedDate datetime null,
	text_ text null,
	type_ varchar(75) null,
	height int,
	width int,
	size_ int
)
go

create table JournalArticle (
	uuid_ varchar(75) null,
	id_ decimal(20,0) not null primary key,
	resourcePrimKey decimal(20,0),
	groupId decimal(20,0),
	companyId decimal(20,0),
	userId decimal(20,0),
	userName varchar(75) null,
	createDate datetime null,
	modifiedDate datetime null,
	articleId varchar(75) null,
	version float,
	title varchar(100) null,
	description varchar(1000) null,
	content text null,
	type_ varchar(75) null,
	structureId varchar(75) null,
	templateId varchar(75) null,
	displayDate datetime null,
	approved int,
	approvedByUserId decimal(20,0),
	approvedByUserName varchar(75) null,
	approvedDate datetime null,
	expired int,
	expirationDate datetime null,
	reviewDate datetime null,
	indexable int,
	smallImage int,
	smallImageId decimal(20,0),
	smallImageURL varchar(75) null
)
go

create table JournalArticleImage (
	articleImageId decimal(20,0) not null primary key,
	groupId decimal(20,0),
	articleId varchar(75) null,
	version float,
	elName varchar(75) null,
	languageId varchar(75) null,
	tempImage int
)
go

create table JournalArticleResource (
	resourcePrimKey decimal(20,0) not null primary key,
	groupId decimal(20,0),
	articleId varchar(75) null
)
go

create table JournalContentSearch (
	contentSearchId decimal(20,0) not null primary key,
	groupId decimal(20,0),
	companyId decimal(20,0),
	privateLayout int,
	layoutId decimal(20,0),
	portletId varchar(200) null,
	articleId varchar(75) null
)
go

create table JournalFeed (
	uuid_ varchar(75) null,
	id_ decimal(20,0) not null primary key,
	groupId decimal(20,0),
	companyId decimal(20,0),
	userId decimal(20,0),
	userName varchar(75) null,
	createDate datetime null,
	modifiedDate datetime null,
	feedId varchar(75) null,
	name varchar(75) null,
	description varchar(1000) null,
	type_ varchar(75) null,
	structureId varchar(75) null,
	templateId varchar(75) null,
	rendererTemplateId varchar(75) null,
	delta int,
	orderByCol varchar(75) null,
	orderByType varchar(75) null,
	targetLayoutFriendlyUrl varchar(75) null,
	targetPortletId varchar(75) null,
	contentField varchar(75) null,
	feedType varchar(75) null,
	feedVersion float
)
go

create table JournalStructure (
	uuid_ varchar(75) null,
	id_ decimal(20,0) not null primary key,
	groupId decimal(20,0),
	companyId decimal(20,0),
	userId decimal(20,0),
	userName varchar(75) null,
	createDate datetime null,
	modifiedDate datetime null,
	structureId varchar(75) null,
	name varchar(75) null,
	description varchar(1000) null,
	xsd text null
)
go

create table JournalTemplate (
	uuid_ varchar(75) null,
	id_ decimal(20,0) not null primary key,
	groupId decimal(20,0),
	companyId decimal(20,0),
	userId decimal(20,0),
	userName varchar(75) null,
	createDate datetime null,
	modifiedDate datetime null,
	templateId varchar(75) null,
	structureId varchar(75) null,
	name varchar(75) null,
	description varchar(1000) null,
	xsl text null,
	langType varchar(75) null,
	cacheable int,
	smallImage int,
	smallImageId decimal(20,0),
	smallImageURL varchar(75) null
)
go

create table Layout (
	plid decimal(20,0) not null primary key,
	groupId decimal(20,0),
	companyId decimal(20,0),
	privateLayout int,
	layoutId decimal(20,0),
	parentLayoutId decimal(20,0),
	name varchar(1000) null,
	title varchar(1000) null,
	description varchar(1000) null,
	type_ varchar(75) null,
	typeSettings text null,
	hidden_ int,
	friendlyURL varchar(100) null,
	iconImage int,
	iconImageId decimal(20,0),
	themeId varchar(75) null,
	colorSchemeId varchar(75) null,
	wapThemeId varchar(75) null,
	wapColorSchemeId varchar(75) null,
	css varchar(1000) null,
	priority int,
	dlFolderId decimal(20,0)
)
go

create table LayoutSet (
	layoutSetId decimal(20,0) not null primary key,
	groupId decimal(20,0),
	companyId decimal(20,0),
	privateLayout int,
	logo int,
	logoId decimal(20,0),
	themeId varchar(75) null,
	colorSchemeId varchar(75) null,
	wapThemeId varchar(75) null,
	wapColorSchemeId varchar(75) null,
	css varchar(1000) null,
	pageCount int,
	virtualHost varchar(75) null
)
go

create table ListType (
	listTypeId int not null primary key,
	name varchar(75) null,
	type_ varchar(75) null
)
go

create table MBBan (
	banId decimal(20,0) not null primary key,
	groupId decimal(20,0),
	companyId decimal(20,0),
	userId decimal(20,0),
	userName varchar(75) null,
	createDate datetime null,
	modifiedDate datetime null,
	banUserId decimal(20,0)
)
go

create table MBCategory (
	uuid_ varchar(75) null,
	categoryId decimal(20,0) not null primary key,
	groupId decimal(20,0),
	companyId decimal(20,0),
	userId decimal(20,0),
	userName varchar(75) null,
	createDate datetime null,
	modifiedDate datetime null,
	parentCategoryId decimal(20,0),
	name varchar(75) null,
	description varchar(1000) null,
	lastPostDate datetime null
)
go

create table MBDiscussion (
	discussionId decimal(20,0) not null primary key,
	classNameId decimal(20,0),
	classPK decimal(20,0),
	threadId decimal(20,0)
)
go

create table MBMessage (
	uuid_ varchar(75) null,
	messageId decimal(20,0) not null primary key,
	companyId decimal(20,0),
	userId decimal(20,0),
	userName varchar(75) null,
	createDate datetime null,
	modifiedDate datetime null,
	categoryId decimal(20,0),
	threadId decimal(20,0),
	parentMessageId decimal(20,0),
	subject varchar(75) null,
	body text null,
	attachments int,
	anonymous int
)
go

create table MBMessageFlag (
	messageFlagId decimal(20,0) not null primary key,
	userId decimal(20,0),
	messageId decimal(20,0),
	flag int
)
go

create table MBStatsUser (
	statsUserId decimal(20,0) not null primary key,
	groupId decimal(20,0),
	userId decimal(20,0),
	messageCount int,
	lastPostDate datetime null
)
go

create table MBThread (
	threadId decimal(20,0) not null primary key,
	categoryId decimal(20,0),
	rootMessageId decimal(20,0),
	messageCount int,
	viewCount int,
	lastPostByUserId decimal(20,0),
	lastPostDate datetime null,
	priority float
)
go

create table MeetingCalComponent (
	mcalId decimal(20,0) not null primary key,
	groupIds varchar(75) null,
	startDate datetime null
)
go

create table MeetingCalendar (
	uuid_ varchar(75) null,
	mcalId decimal(20,0) not null primary key,
	groupId decimal(20,0),
	companyId decimal(20,0),
	userId decimal(20,0),
	userName varchar(75) null,
	state int,
	place varchar(75) null,
	place_diff varchar(75) null,
	sponsor varchar(75) null,
	component varchar(75) null,
	note varchar(75) null,
	userApproved decimal(20,0),
	dateApproved datetime null,
	moveMcalId decimal(20,0),
	repeatWeek int,
	filename varchar(75) null,
	morning int,
	afternoon int,
	evening int,
	stt int,
	prior int,
	deleted int
)
go

create table MeetingDetailWeek (
	mdweekId decimal(20,0) not null primary key,
	groupId decimal(20,0),
	companyId decimal(20,0),
	userId decimal(20,0),
	userName varchar(75) null,
	focus varchar(75) null,
	note varchar(75) null,
	receive varchar(75) null,
	week int,
	year int
)
go

create table MembershipRequest (
	membershipRequestId decimal(20,0) not null primary key,
	companyId decimal(20,0),
	userId decimal(20,0),
	createDate datetime null,
	groupId decimal(20,0),
	comments varchar(1000) null,
	replyComments varchar(1000) null,
	replyDate datetime null,
	replierUserId decimal(20,0),
	statusId int
)
go

create table Organization_ (
	organizationId decimal(20,0) not null primary key,
	companyId decimal(20,0),
	parentOrganizationId decimal(20,0),
	name varchar(100) null,
	location int,
	recursable int,
	regionId decimal(20,0),
	countryId decimal(20,0),
	statusId int,
	comments varchar(1000) null
)
go

create table OrgGroupPermission (
	organizationId decimal(20,0) not null,
	groupId decimal(20,0) not null,
	permissionId decimal(20,0) not null,
	primary key (organizationId, groupId, permissionId)
)
go

create table OrgGroupRole (
	organizationId decimal(20,0) not null,
	groupId decimal(20,0) not null,
	roleId decimal(20,0) not null,
	primary key (organizationId, groupId, roleId)
)
go

create table OrgLabor (
	orgLaborId decimal(20,0) not null primary key,
	organizationId decimal(20,0),
	typeId int,
	sunOpen int,
	sunClose int,
	monOpen int,
	monClose int,
	tueOpen int,
	tueClose int,
	wedOpen int,
	wedClose int,
	thuOpen int,
	thuClose int,
	friOpen int,
	friClose int,
	satOpen int,
	satClose int
)
go

create table PML_Country (
	countryId varchar(75) not null primary key,
	countryCode varchar(75) null,
	countryName varchar(75) null,
	description varchar(75) null,
	active varchar(75) null
)
go

create table PML_FILETYPE (
	fileTypeId varchar(75) not null primary key,
	fileTypeCode varchar(75) null,
	fileTypeName varchar(75) null,
	fieldId varchar(75) null,
	templateId varchar(75) null,
	processTime varchar(75) null,
	description varchar(75) null,
	active varchar(75) null,
	currentReceiptNumber varchar(75) null,
	receiptTemplate varchar(75) null
)
go

create table PML_IDGENERATED (
	id decimal(20,0) not null primary key,
	year varchar(75) null,
	curvalue decimal(20,0)
)
go

create table PML_IDTEMPLATE (
	templateId decimal(20,0) not null primary key,
	format varchar(75) null,
	startNumber varchar(75) null,
	len decimal(20,0),
	description varchar(75) null
)
go

create table PasswordPolicy (
	passwordPolicyId decimal(20,0) not null primary key,
	companyId decimal(20,0),
	userId decimal(20,0),
	userName varchar(75) null,
	createDate datetime null,
	modifiedDate datetime null,
	defaultPolicy int,
	name varchar(75) null,
	description varchar(1000) null,
	changeable int,
	changeRequired int,
	minAge decimal(20,0),
	checkSyntax int,
	allowDictionaryWords int,
	minLength int,
	history int,
	historyCount int,
	expireable int,
	maxAge decimal(20,0),
	warningTime decimal(20,0),
	graceLimit int,
	lockout int,
	maxFailure int,
	lockoutDuration decimal(20,0),
	requireUnlock int,
	resetFailureCount decimal(20,0)
)
go

create table PasswordPolicyRel (
	passwordPolicyRelId decimal(20,0) not null primary key,
	passwordPolicyId decimal(20,0),
	classNameId decimal(20,0),
	classPK decimal(20,0)
)
go

create table PasswordTracker (
	passwordTrackerId decimal(20,0) not null primary key,
	userId decimal(20,0),
	createDate datetime null,
	password_ varchar(75) null
)
go

create table Permission_ (
	permissionId decimal(20,0) not null primary key,
	companyId decimal(20,0),
	actionId varchar(75) null,
	resourceId decimal(20,0)
)
go

create table Phone (
	phoneId decimal(20,0) not null primary key,
	companyId decimal(20,0),
	userId decimal(20,0),
	userName varchar(75) null,
	createDate datetime null,
	modifiedDate datetime null,
	classNameId decimal(20,0),
	classPK decimal(20,0),
	number_ varchar(75) null,
	extension varchar(75) null,
	typeId int,
	primary_ int
)
go

create table PluginSetting (
	pluginSettingId decimal(20,0) not null primary key,
	companyId decimal(20,0),
	pluginId varchar(75) null,
	pluginType varchar(75) null,
	roles varchar(1000) null,
	active_ int
)
go

create table PollsChoice (
	uuid_ varchar(75) null,
	choiceId decimal(20,0) not null primary key,
	questionId decimal(20,0),
	name varchar(75) null,
	description varchar(1000) null
)
go

create table PollsQuestion (
	uuid_ varchar(75) null,
	questionId decimal(20,0) not null primary key,
	groupId decimal(20,0),
	companyId decimal(20,0),
	userId decimal(20,0),
	userName varchar(75) null,
	createDate datetime null,
	modifiedDate datetime null,
	title varchar(500) null,
	description varchar(1000) null,
	expirationDate datetime null,
	lastVoteDate datetime null
)
go

create table PollsVote (
	voteId decimal(20,0) not null primary key,
	userId decimal(20,0),
	questionId decimal(20,0),
	choiceId decimal(20,0),
	voteDate datetime null
)
go

create table Portlet (
	id_ decimal(20,0) not null primary key,
	companyId decimal(20,0),
	portletId varchar(200) null,
	roles varchar(1000) null,
	active_ int
)
go

create table PortletItem (
	portletItemId decimal(20,0) not null primary key,
	groupId decimal(20,0),
	companyId decimal(20,0),
	userId decimal(20,0),
	userName varchar(75) null,
	createDate datetime null,
	modifiedDate datetime null,
	name varchar(75) null,
	portletId varchar(75) null,
	classNameId decimal(20,0)
)
go

create table PortletPreferences (
	portletPreferencesId decimal(20,0) not null primary key,
	ownerId decimal(20,0),
	ownerType int,
	plid decimal(20,0),
	portletId varchar(200) null,
	preferences text null
)
go

create table RatingsEntry (
	entryId decimal(20,0) not null primary key,
	companyId decimal(20,0),
	userId decimal(20,0),
	userName varchar(75) null,
	createDate datetime null,
	modifiedDate datetime null,
	classNameId decimal(20,0),
	classPK decimal(20,0),
	score float
)
go

create table RatingsStats (
	statsId decimal(20,0) not null primary key,
	classNameId decimal(20,0),
	classPK decimal(20,0),
	totalEntries int,
	totalScore float,
	averageScore float
)
go

create table ReceiverGroups_Receivers (
	receiverGroupId decimal(20,0) not null,
	receiverId decimal(20,0) not null,
	primary key (receiverGroupId, receiverId)
)
go

create table RecieverGroups_Recievers (
	recieverGroupId decimal(20,0) not null,
	recieverId decimal(20,0) not null,
	primary key (recieverGroupId, recieverId)
)
go

create table Region (
	regionId decimal(20,0) not null primary key,
	countryId decimal(20,0),
	regionCode varchar(75) null,
	name varchar(75) null,
	active_ int
)
go

create table Release_ (
	releaseId decimal(20,0) not null primary key,
	createDate datetime null,
	modifiedDate datetime null,
	buildNumber int,
	buildDate datetime null,
	verified int
)
go

create table ReportsEntry (
	entryId varchar(75) not null primary key,
	companyId varchar(75) null,
	userId varchar(75) null,
	userName varchar(75) null,
	createDate datetime null,
	modifiedDate datetime null,
	name varchar(75) null
)
go

create table Resource_ (
	resourceId decimal(20,0) not null primary key,
	codeId decimal(20,0),
	primKey varchar(300) null
)
go

create table ResourceCode (
	codeId decimal(20,0) not null primary key,
	companyId decimal(20,0),
	name varchar(300) null,
	scope int
)
go

create table Role_ (
	roleId decimal(20,0) not null primary key,
	companyId decimal(20,0),
	classNameId decimal(20,0),
	classPK decimal(20,0),
	name varchar(75) null,
	description varchar(1000) null,
	type_ int
)
go

create table Roles_Permissions (
	roleId decimal(20,0) not null,
	permissionId decimal(20,0) not null,
	primary key (roleId, permissionId)
)
go

create table SCFrameworkVersi_SCProductVers (
	frameworkVersionId decimal(20,0) not null,
	productVersionId decimal(20,0) not null,
	primary key (frameworkVersionId, productVersionId)
)
go

create table SCFrameworkVersion (
	frameworkVersionId decimal(20,0) not null primary key,
	groupId decimal(20,0),
	companyId decimal(20,0),
	userId decimal(20,0),
	userName varchar(75) null,
	createDate datetime null,
	modifiedDate datetime null,
	name varchar(75) null,
	url varchar(1000) null,
	active_ int,
	priority int
)
go

create table SCLicense (
	licenseId decimal(20,0) not null primary key,
	name varchar(75) null,
	url varchar(1000) null,
	openSource int,
	active_ int,
	recommended int
)
go

create table SCLicenses_SCProductEntries (
	licenseId decimal(20,0) not null,
	productEntryId decimal(20,0) not null,
	primary key (licenseId, productEntryId)
)
go

create table SCProductEntry (
	productEntryId decimal(20,0) not null primary key,
	groupId decimal(20,0),
	companyId decimal(20,0),
	userId decimal(20,0),
	userName varchar(75) null,
	createDate datetime null,
	modifiedDate datetime null,
	name varchar(75) null,
	type_ varchar(75) null,
	tags varchar(300) null,
	shortDescription varchar(1000) null,
	longDescription varchar(1000) null,
	pageURL varchar(1000) null,
	author varchar(75) null,
	repoGroupId varchar(75) null,
	repoArtifactId varchar(75) null
)
go

create table SCProductScreenshot (
	productScreenshotId decimal(20,0) not null primary key,
	companyId decimal(20,0),
	groupId decimal(20,0),
	productEntryId decimal(20,0),
	thumbnailId decimal(20,0),
	fullImageId decimal(20,0),
	priority int
)
go

create table SCProductVersion (
	productVersionId decimal(20,0) not null primary key,
	companyId decimal(20,0),
	userId decimal(20,0),
	userName varchar(75) null,
	createDate datetime null,
	modifiedDate datetime null,
	productEntryId decimal(20,0),
	version varchar(75) null,
	changeLog varchar(1000) null,
	downloadPageURL varchar(1000) null,
	directDownloadURL varchar(2000) null,
	repoStoreArtifact int
)
go

create table ServiceComponent (
	serviceComponentId decimal(20,0) not null primary key,
	buildNamespace varchar(75) null,
	buildNumber decimal(20,0),
	buildDate decimal(20,0),
	data_ text null
)
go

create table ShoppingCart (
	cartId decimal(20,0) not null primary key,
	groupId decimal(20,0),
	companyId decimal(20,0),
	userId decimal(20,0),
	userName varchar(75) null,
	createDate datetime null,
	modifiedDate datetime null,
	itemIds varchar(1000) null,
	couponCodes varchar(75) null,
	altShipping int,
	insure int
)
go

create table ShoppingCategory (
	categoryId decimal(20,0) not null primary key,
	groupId decimal(20,0),
	companyId decimal(20,0),
	userId decimal(20,0),
	userName varchar(75) null,
	createDate datetime null,
	modifiedDate datetime null,
	parentCategoryId decimal(20,0),
	name varchar(75) null,
	description varchar(1000) null
)
go

create table ShoppingCoupon (
	couponId decimal(20,0) not null primary key,
	groupId decimal(20,0),
	companyId decimal(20,0),
	userId decimal(20,0),
	userName varchar(75) null,
	createDate datetime null,
	modifiedDate datetime null,
	code_ varchar(75) null,
	name varchar(75) null,
	description varchar(1000) null,
	startDate datetime null,
	endDate datetime null,
	active_ int,
	limitCategories varchar(1000) null,
	limitSkus varchar(1000) null,
	minOrder float,
	discount float,
	discountType varchar(75) null
)
go

create table ShoppingItem (
	itemId decimal(20,0) not null primary key,
	companyId decimal(20,0),
	userId decimal(20,0),
	userName varchar(75) null,
	createDate datetime null,
	modifiedDate datetime null,
	categoryId decimal(20,0),
	sku varchar(75) null,
	name varchar(200) null,
	description varchar(1000) null,
	properties varchar(1000) null,
	fields_ int,
	fieldsQuantities varchar(1000) null,
	minQuantity int,
	maxQuantity int,
	price float,
	discount float,
	taxable int,
	shipping float,
	useShippingFormula int,
	requiresShipping int,
	stockQuantity int,
	featured_ int,
	sale_ int,
	smallImage int,
	smallImageId decimal(20,0),
	smallImageURL varchar(75) null,
	mediumImage int,
	mediumImageId decimal(20,0),
	mediumImageURL varchar(75) null,
	largeImage int,
	largeImageId decimal(20,0),
	largeImageURL varchar(75) null
)
go

create table ShoppingItemField (
	itemFieldId decimal(20,0) not null primary key,
	itemId decimal(20,0),
	name varchar(75) null,
	values_ varchar(1000) null,
	description varchar(1000) null
)
go

create table ShoppingItemPrice (
	itemPriceId decimal(20,0) not null primary key,
	itemId decimal(20,0),
	minQuantity int,
	maxQuantity int,
	price float,
	discount float,
	taxable int,
	shipping float,
	useShippingFormula int,
	status int
)
go

create table ShoppingOrder (
	orderId decimal(20,0) not null primary key,
	groupId decimal(20,0),
	companyId decimal(20,0),
	userId decimal(20,0),
	userName varchar(75) null,
	createDate datetime null,
	modifiedDate datetime null,
	number_ varchar(75) null,
	tax float,
	shipping float,
	altShipping varchar(75) null,
	requiresShipping int,
	insure int,
	insurance float,
	couponCodes varchar(75) null,
	couponDiscount float,
	billingFirstName varchar(75) null,
	billingLastName varchar(75) null,
	billingEmailAddress varchar(75) null,
	billingCompany varchar(75) null,
	billingStreet varchar(75) null,
	billingCity varchar(75) null,
	billingState varchar(75) null,
	billingZip varchar(75) null,
	billingCountry varchar(75) null,
	billingPhone varchar(75) null,
	shipToBilling int,
	shippingFirstName varchar(75) null,
	shippingLastName varchar(75) null,
	shippingEmailAddress varchar(75) null,
	shippingCompany varchar(75) null,
	shippingStreet varchar(75) null,
	shippingCity varchar(75) null,
	shippingState varchar(75) null,
	shippingZip varchar(75) null,
	shippingCountry varchar(75) null,
	shippingPhone varchar(75) null,
	ccName varchar(75) null,
	ccType varchar(75) null,
	ccNumber varchar(75) null,
	ccExpMonth int,
	ccExpYear int,
	ccVerNumber varchar(75) null,
	comments varchar(1000) null,
	ppTxnId varchar(75) null,
	ppPaymentStatus varchar(75) null,
	ppPaymentGross float,
	ppReceiverEmail varchar(75) null,
	ppPayerEmail varchar(75) null,
	sendOrderEmail int,
	sendShippingEmail int
)
go

create table ShoppingOrderItem (
	orderItemId decimal(20,0) not null primary key,
	orderId decimal(20,0),
	itemId varchar(75) null,
	sku varchar(75) null,
	name varchar(200) null,
	description varchar(1000) null,
	properties varchar(1000) null,
	price float,
	quantity int,
	shippedDate datetime null
)
go

create table SocialActivity (
	activityId decimal(20,0) not null primary key,
	groupId decimal(20,0),
	companyId decimal(20,0),
	userId decimal(20,0),
	createDate datetime null,
	mirrorActivityId decimal(20,0),
	classNameId decimal(20,0),
	classPK decimal(20,0),
	type_ int,
	extraData varchar(1000) null,
	receiverUserId decimal(20,0)
)
go

create table SocialRelation (
	uuid_ varchar(75) null,
	relationId decimal(20,0) not null primary key,
	companyId decimal(20,0),
	createDate datetime null,
	userId1 decimal(20,0),
	userId2 decimal(20,0),
	type_ int
)
go

create table SocialRequest (
	uuid_ varchar(75) null,
	requestId decimal(20,0) not null primary key,
	groupId decimal(20,0),
	companyId decimal(20,0),
	userId decimal(20,0),
	createDate datetime null,
	modifiedDate datetime null,
	classNameId decimal(20,0),
	classPK decimal(20,0),
	type_ int,
	extraData varchar(1000) null,
	receiverUserId decimal(20,0),
	status int
)
go

create table Subscription (
	subscriptionId decimal(20,0) not null primary key,
	companyId decimal(20,0),
	userId decimal(20,0),
	userName varchar(75) null,
	createDate datetime null,
	modifiedDate datetime null,
	classNameId decimal(20,0),
	classPK decimal(20,0),
	frequency varchar(75) null
)
go

create table TagsAsset (
	assetId decimal(20,0) not null primary key,
	groupId decimal(20,0),
	companyId decimal(20,0),
	userId decimal(20,0),
	userName varchar(75) null,
	createDate datetime null,
	modifiedDate datetime null,
	classNameId decimal(20,0),
	classPK decimal(20,0),
	startDate datetime null,
	endDate datetime null,
	publishDate datetime null,
	expirationDate datetime null,
	mimeType varchar(75) null,
	title varchar(300) null,
	description varchar(1000) null,
	summary varchar(1000) null,
	url varchar(1000) null,
	height int,
	width int,
	priority float,
	viewCount int
)
go

create table TagsAssets_TagsEntries (
	assetId decimal(20,0) not null,
	entryId decimal(20,0) not null,
	primary key (assetId, entryId)
)
go

create table TagsEntry (
	entryId decimal(20,0) not null primary key,
	companyId decimal(20,0),
	userId decimal(20,0),
	userName varchar(75) null,
	createDate datetime null,
	modifiedDate datetime null,
	name varchar(75) null
)
go

create table TagsProperty (
	propertyId decimal(20,0) not null primary key,
	companyId decimal(20,0),
	userId decimal(20,0),
	userName varchar(75) null,
	createDate datetime null,
	modifiedDate datetime null,
	entryId decimal(20,0),
	key_ varchar(75) null,
	value varchar(300) null
)
go

create table TagsSource (
	sourceId decimal(20,0) not null primary key,
	parentSourceId decimal(20,0),
	name varchar(75) null,
	acronym varchar(75) null
)
go

create table TasksProposal (
	proposalId decimal(20,0) not null primary key,
	groupId decimal(20,0),
	companyId decimal(20,0),
	userId decimal(20,0),
	userName varchar(75) null,
	createDate datetime null,
	modifiedDate datetime null,
	classNameId decimal(20,0),
	classPK varchar(75) null,
	name varchar(75) null,
	description varchar(1000) null,
	publishDate datetime null,
	dueDate datetime null
)
go

create table TasksReview (
	reviewId decimal(20,0) not null primary key,
	groupId decimal(20,0),
	companyId decimal(20,0),
	userId decimal(20,0),
	userName varchar(75) null,
	createDate datetime null,
	modifiedDate datetime null,
	proposalId decimal(20,0),
	assignedByUserId decimal(20,0),
	assignedByUserName varchar(75) null,
	stage int,
	completed int,
	rejected int
)
go

create table User_ (
	uuid_ varchar(75) null,
	userId decimal(20,0) not null primary key,
	companyId decimal(20,0),
	createDate datetime null,
	modifiedDate datetime null,
	defaultUser int,
	contactId decimal(20,0),
	password_ varchar(75) null,
	passwordEncrypted int,
	passwordReset int,
	passwordModifiedDate datetime null,
	graceLoginCount int,
	screenName varchar(75) null,
	emailAddress varchar(75) null,
	openId varchar(1024) null,
	portraitId decimal(20,0),
	languageId varchar(75) null,
	timeZoneId varchar(75) null,
	greeting varchar(75) null,
	comments varchar(1000) null,
	loginDate datetime null,
	loginIP varchar(75) null,
	lastLoginDate datetime null,
	lastLoginIP varchar(75) null,
	lastFailedLoginDate datetime null,
	failedLoginAttempts int,
	lockout int,
	lockoutDate datetime null,
	agreedToTermsOfUse int,
	active_ int
)
go

create table UserGroup (
	userGroupId decimal(20,0) not null primary key,
	companyId decimal(20,0),
	parentUserGroupId decimal(20,0),
	name varchar(75) null,
	description varchar(1000) null
)
go

create table UserGroupRole (
	userId decimal(20,0) not null,
	groupId decimal(20,0) not null,
	roleId decimal(20,0) not null,
	primary key (userId, groupId, roleId)
)
go

create table UserIdMapper (
	userIdMapperId decimal(20,0) not null primary key,
	userId decimal(20,0),
	type_ varchar(75) null,
	description varchar(75) null,
	externalUserId varchar(75) null
)
go

create table Users_Groups (
	userId decimal(20,0) not null,
	groupId decimal(20,0) not null,
	primary key (userId, groupId)
)
go

create table Users_Orgs (
	userId decimal(20,0) not null,
	organizationId decimal(20,0) not null,
	primary key (userId, organizationId)
)
go

create table Users_Permissions (
	userId decimal(20,0) not null,
	permissionId decimal(20,0) not null,
	primary key (userId, permissionId)
)
go

create table Users_Roles (
	userId decimal(20,0) not null,
	roleId decimal(20,0) not null,
	primary key (userId, roleId)
)
go

create table Users_UserGroups (
	userId decimal(20,0) not null,
	userGroupId decimal(20,0) not null,
	primary key (userId, userGroupId)
)
go

create table UserTracker (
	userTrackerId decimal(20,0) not null primary key,
	companyId decimal(20,0),
	userId decimal(20,0),
	modifiedDate datetime null,
	sessionId varchar(200) null,
	remoteAddr varchar(75) null,
	remoteHost varchar(75) null,
	userAgent varchar(200) null
)
go

create table UserTrackerPath (
	userTrackerPathId decimal(20,0) not null primary key,
	userTrackerId decimal(20,0),
	path_ varchar(1000) null,
	pathDate datetime null
)
go

create table WebDAVProps (
	webDavPropsId decimal(20,0) not null primary key,
	companyId decimal(20,0),
	createDate datetime null,
	modifiedDate datetime null,
	classNameId decimal(20,0),
	classPK decimal(20,0),
	props text null
)
go

create table Website (
	websiteId decimal(20,0) not null primary key,
	companyId decimal(20,0),
	userId decimal(20,0),
	userName varchar(75) null,
	createDate datetime null,
	modifiedDate datetime null,
	classNameId decimal(20,0),
	classPK decimal(20,0),
	url varchar(1000) null,
	typeId int,
	primary_ int
)
go

create table WikiNode (
	uuid_ varchar(75) null,
	nodeId decimal(20,0) not null primary key,
	groupId decimal(20,0),
	companyId decimal(20,0),
	userId decimal(20,0),
	userName varchar(75) null,
	createDate datetime null,
	modifiedDate datetime null,
	name varchar(75) null,
	description varchar(1000) null,
	lastPostDate datetime null
)
go

create table WikiPage (
	uuid_ varchar(75) null,
	pageId decimal(20,0) not null primary key,
	resourcePrimKey decimal(20,0),
	companyId decimal(20,0),
	userId decimal(20,0),
	userName varchar(75) null,
	createDate datetime null,
	modifiedDate datetime null,
	nodeId decimal(20,0),
	title varchar(75) null,
	version float,
	minorEdit int,
	content text null,
	summary varchar(1000) null,
	format varchar(75) null,
	head int,
	parentTitle varchar(75) null,
	redirectTitle varchar(75) null
)
go

create table WikiPageResource (
	resourcePrimKey decimal(20,0) not null primary key,
	nodeId decimal(20,0),
	title varchar(75) null
)
go

create table attact_file_document (
	attactFileDocumentId decimal(20,0) not null primary key,
	attactFileDocumentTitle varchar(75) null,
	attactFileDocumentPath varchar(75) null,
	documentManagerId decimal(20,0),
	userId decimal(20,0),
	groupId decimal(20,0),
	companyId decimal(20,0)
)
go

create table department (
	departmentId decimal(20,0) not null primary key,
	departmentCode varchar(75) null,
	departmentName varchar(75) null,
	departmentDescription varchar(75) null,
	userId decimal(20,0),
	groupId decimal(20,0),
	companyId decimal(20,0)
)
go

create table document_manager (
	documentManagerId decimal(20,0) not null primary key,
	documentManagerCode varchar(75) null,
	documentManagerCategory varchar(75) null,
	documentManagerStyle varchar(75) null,
	documentManagerDescription varchar(75) null,
	documentManagerDateCreate datetime null,
	documentManagerTitle varchar(75) null,
	userId decimal(20,0),
	groupId decimal(20,0),
	companyId decimal(20,0)
)
go

create table holiday_calendar (
	holidayCalendarId decimal(20,0) not null primary key,
	holidayCalendarCode varchar(75) null,
	holidayCalendarDateCreate datetime null,
	holidayCalendarTitle varchar(75) null,
	holidayCalendarPath varchar(75) null,
	userId decimal(20,0),
	groupId decimal(20,0),
	companyId decimal(20,0)
)
go

create table pml_Receiver (
	receiverId decimal(20,0) not null primary key,
	companyId decimal(20,0),
	userId decimal(20,0),
	userName varchar(75) null,
	createDate datetime null,
	modifiedDate datetime null,
	receiverUserId decimal(20,0),
	receiverUserName varchar(75) null,
	viewName varchar(75) null,
	receiverType int
)
go

create table pml_ReceiverGroup (
	receiverGroupId decimal(20,0) not null primary key,
	companyId decimal(20,0),
	userId decimal(20,0),
	userName varchar(75) null,
	createDate datetime null,
	modifiedDate datetime null,
	receiverGroupName varchar(75) null,
	description varchar(75) null,
	type_ int,
	active_ int
)
go

create table pml_Reciever (
	recieverId decimal(20,0) not null primary key,
	companyId decimal(20,0),
	userId decimal(20,0),
	userName varchar(75) null,
	createDate datetime null,
	modifiedDate datetime null,
	recieverUserId decimal(20,0),
	recieverUserName varchar(75) null,
	viewName varchar(75) null,
	recieverType int
)
go

create table pml_RecieverGroup (
	recieverGroupId decimal(20,0) not null primary key,
	companyId decimal(20,0),
	userId decimal(20,0),
	userName varchar(75) null,
	createDate datetime null,
	modifiedDate datetime null,
	recieverGroupName varchar(75) null,
	description varchar(75) null,
	type_ int,
	active_ int
)
go

create table pml_agency (
	agencyid varchar(75) not null primary key,
	agencycode varchar(75) null,
	agencyname varchar(75) null,
	description varchar(75) null,
	active varchar(75) null
)
go

create table pml_agencyleader (
	agencyId varchar(75) not null primary key,
	userId decimal(20,0)
)
go

create table pml_attachedfile (
	attachedfileid varchar(75) not null primary key,
	attachedfilecode varchar(75) null,
	attachedfilename varchar(75) null,
	description varchar(75) null,
	active varchar(75) null
)
go

create table pml_car_resource (
	carId decimal(20,0) not null primary key,
	companyId decimal(20,0),
	userId decimal(20,0),
	createDate datetime null,
	modifiedDate datetime null,
	carName varchar(255) null,
	carCode varchar(75) null,
	description varchar(1000) null
)
go

create table pml_career (
	careerid varchar(75) not null primary key,
	careercode varchar(75) null,
	careername varchar(75) null,
	description varchar(75) null,
	active varchar(75) null
)
go

create table pml_chi_tiet_hscv (
	id_chi_tiet_hscv decimal(20,0) not null primary key,
	id_ho_so_cong_viec decimal(20,0),
	id_cong_van_den decimal(20,0),
	id_cong_van_di decimal(20,0),
	di_den varchar(75) null
)
go

create table pml_city (
	cityID varchar(75) not null primary key,
	cityCode varchar(75) null,
	cityName varchar(75) null,
	description varchar(75) null,
	active varchar(75) null,
	countryid varchar(75) null
)
go

create table pml_conf_phongban_hscv (
	pmlDepartmentHSCVId decimal(20,0) not null primary key,
	departmentsId varchar(75) null,
	id_ho_so_cong_viec decimal(20,0),
	description varchar(75) null
)
go

create table pml_delegate (
	delegateid decimal(20,0) not null primary key,
	assigner decimal(20,0),
	receiver decimal(20,0),
	startdate datetime null,
	enddate datetime null,
	canceldate datetime null,
	canceldelegate varchar(75) null,
	datecreated datetime null
)
go

create table pml_departmentleader (
	departmentsId varchar(75) not null,
	userId decimal(20,0) not null,
	clericalid decimal(20,0),
	main int,
	primary key (departmentsId, userId)
)
go

create table pml_departments (
	departmentsid varchar(75) not null primary key,
	departmentsparentid varchar(75) null,
	departmentscode varchar(75) null,
	departmentsname varchar(75) null,
	abbreviatename varchar(75) null,
	description varchar(75) null,
	active varchar(75) null,
	agencyid varchar(75) null,
	roleid decimal(20,0),
	hasteam varchar(75) null
)
go

create table pml_district (
	districtId varchar(75) not null primary key,
	districtCode varchar(75) null,
	districtName varchar(75) null,
	cityID varchar(75) null,
	description varchar(75) null,
	active varchar(75) null
)
go

create table pml_do_quan_trong (
	id_do_quan_trong decimal(20,0) not null primary key,
	ten_do_quan_trong varchar(75) null
)
go

create table pml_documentreceipt_issuingplace_log (
	documentReceiptIssuingPlaceLogId decimal(20,0) not null primary key,
	documentReceiptId decimal(20,0),
	processor decimal(20,0),
	directProcessorId decimal(20,0),
	dateProcess datetime null,
	processInfomation varchar(75) null,
	receiver varchar(75) null,
	type_ int,
	step int
)
go

create table pml_documentreceipt_log (
	documentreceiptlogid decimal(20,0) not null primary key,
	documentreceiptid decimal(20,0),
	transition_ int,
	processer decimal(20,0),
	dateprocess datetime null,
	processinfomation varchar(75) null,
	receiver decimal(20,0),
	receivedate datetime null,
	stateprocessidbefore decimal(20,0),
	stateprocessidafter decimal(20,0),
	type_ int,
	expireddate datetime null,
	numdateprocess int,
	processinstanceid decimal(20,0),
	maindepartmentprocessid varchar(75) null,
	mainuserprocessid decimal(20,0),
	senddatebefore datetime null,
	departmentreceiveid varchar(75) null,
	departmentprocessid varchar(75) null,
	dateProcessTime datetime null,
	receiveDateTime datetime null,
	directProcesserId decimal(20,0),
	step int
)
go

create table pml_documentreceipt_wf (
	processid decimal(20,0) not null primary key,
	documentreceiptid decimal(20,0),
	ismain varchar(75) null
)
go

create table pml_documentsend_log (
	documentsendlogid decimal(20,0) not null primary key,
	documentsendid decimal(20,0),
	transition_ int,
	processer decimal(20,0),
	dateprocess datetime null,
	processinfomation varchar(75) null,
	receiver decimal(20,0),
	receivedate datetime null,
	stateprocessidbefore decimal(20,0),
	stateprocessidafter decimal(20,0),
	expireddate datetime null,
	numdateprocess int,
	processinstanceid decimal(20,0),
	type_ int,
	senddatebefore datetime null,
	departmentreceiveid varchar(75) null,
	departmentprocessid varchar(75) null,
	dateprocesstime datetime null,
	receivedatetime datetime null,
	directProcesserId decimal(20,0),
	step int
)
go

create table pml_documentsend_wf (
	documentsendid decimal(20,0) not null primary key,
	processid decimal(20,0),
	isMain varchar(75) null
)
go

create table pml_edm_answerdetail (
	documentreceiptid decimal(20,0) not null primary key,
	documentsendid decimal(20,0)
)
go

create table pml_edm_attachedfile (
	attachedfileid decimal(20,0) not null primary key,
	objectcontentid decimal(20,0),
	objecttype varchar(75) null,
	attachedfilename varchar(75) null,
	path varchar(75) null,
	datecreated datetime null,
	filetype varchar(75) null,
	fileid int,
	title varchar(75) null,
	displayorhidden int
)
go

create table pml_edm_bookdocumentrecordto (
	documentreceiptid decimal(20,0) not null,
	documentrecordtoid decimal(20,0) not null,
	datecreate datetime null,
	datecomplete datetime null,
	soCongVanDenPhongHienTai int,
	primary key (documentreceiptid, documentrecordtoid)
)
go

create table pml_edm_bookdocumentsend (
	bookdocumentsendid decimal(20,0) not null primary key,
	datecreated datetime null,
	currentrecord decimal(20,0),
	departmentsid varchar(75) null,
	documentrecordtypeid int,
	yearinuse varchar(75) null,
	active varchar(75) null,
	isagency varchar(75) null,
	agencyid varchar(75) null
)
go

create table pml_edm_cadre (
	userid decimal(20,0) not null primary key,
	positionid varchar(75) null,
	departmentsid varchar(75) null,
	handphone varchar(75) null,
	note varchar(75) null,
	active varchar(75) null
)
go

create table pml_edm_confidentiallevel (
	confidentiallevelid varchar(75) not null primary key,
	confidentiallevelname varchar(75) null,
	limitviewdetail int,
	haveprocess int,
	confidentiallevelsymbol int
)
go

create table pml_edm_docconfuser (
	dcuId decimal(20,0) not null primary key,
	userId decimal(20,0),
	viewAllDoc int,
	viewDepDoc varchar(75) null
)
go

create table pml_edm_documentdelegate (
	documentDelegateId decimal(20,0) not null primary key,
	userDelegateId decimal(20,0),
	userIsDelegateId decimal(20,0),
	documentId int,
	fromtDate datetime null,
	toDate datetime null,
	cancelDate datetime null
)
go

create table pml_edm_documentreceipt (
	documentReceiptId decimal(20,0) not null primary key,
	levelsendid int,
	documenttypeid decimal(20,0),
	documentreference varchar(75) null,
	issuingplaceid varchar(75) null,
	issuingdate datetime null,
	datearrive datetime null,
	signer varchar(75) null,
	privilegelevelid varchar(75) null,
	confidentiallevelid varchar(75) null,
	opinion varchar(75) null,
	briefcontent varchar(75) null,
	ispublic varchar(75) null,
	numberdocumentreceipt varchar(75) null,
	processtime int,
	status varchar(75) null,
	active varchar(75) null,
	numberlocaldocumentreceipt varchar(75) null,
	issuingplaceothername varchar(75) null,
	documenttype varchar(75) null,
	datebutphe datetime null,
	datehoanthanh datetime null,
	statusid decimal(20,0),
	thoigiannhancvden varchar(75) null,
	socongvandiphucdap varchar(75) null,
	generalorderno decimal(20,0),
	maindepartmentprocessid varchar(75) null,
	mainuserprocessid decimal(20,0),
	orgexternalid decimal(20,0),
	docreceipttempid decimal(20,0),
	documentrecordtypeid int,
	donvisaoy varchar(75) null
)
go

create table pml_edm_documentreceipt_temp (
	documentReceiptId decimal(20,0) not null primary key,
	levelsendid int,
	documenttypeid decimal(20,0),
	documentreference varchar(75) null,
	issuingplaceid varchar(75) null,
	issuingdate datetime null,
	datearrive datetime null,
	signer varchar(75) null,
	privilegelevelid varchar(75) null,
	confidentiallevelid varchar(75) null,
	opinion varchar(75) null,
	briefcontent varchar(75) null,
	ispublic varchar(75) null,
	numberdocumentreceipt varchar(75) null,
	processtime int,
	status varchar(75) null,
	active varchar(75) null,
	numberlocaldocumentreceipt varchar(75) null,
	issuingplaceothername varchar(75) null,
	documenttype varchar(75) null,
	datebutphe datetime null,
	datehoanthanh datetime null,
	statusid decimal(20,0),
	thoigiannhancvden varchar(75) null,
	socongvandiphucdap varchar(75) null,
	generalorderno decimal(20,0),
	maindepartmentprocessid varchar(75) null,
	mainuserprocessid decimal(20,0),
	orgexternalid decimal(20,0)
)
go

create table pml_edm_documentreceiptextend (
	documentreceiptextendid decimal(20,0) not null primary key,
	documentreceiptid decimal(20,0),
	documentreceiptlogid decimal(20,0),
	extendorderno int,
	startprocessdate datetime null,
	numdayprocessbef int,
	limitdatebef datetime null,
	extendreason varchar(75) null,
	numdayprocessaft int,
	limitdateaft datetime null,
	leanonlimitdate int,
	extenduserid decimal(20,0),
	extenddepartmentid varchar(75) null
)
go

create table pml_edm_documentreceiptprocesstype (
	docReceiptProcessTypeId decimal(20,0) not null primary key,
	documentReceiptId decimal(20,0),
	documentReceiptLogId decimal(20,0),
	processTypeOrderNo int,
	dateEdit datetime null,
	processTypeIdBefore varchar(75) null,
	processTypeIdAfter varchar(75) null,
	processTypeReason varchar(75) null,
	processerId decimal(20,0),
	departmentId varchar(75) null
)
go

create table pml_edm_documentrecordto (
	documentrecordtoid decimal(20,0) not null primary key,
	datecreate datetime null,
	currentrecord decimal(20,0),
	departmentsid varchar(75) null,
	documentrecordtypeid int,
	yearinuse varchar(75) null,
	active varchar(75) null,
	isagency varchar(75) null,
	agencyid varchar(75) null
)
go

create table pml_edm_documentrecordtype (
	documentrecordtypeid int not null primary key,
	documentrecordtypename varchar(75) null,
	documentrecordtypecode varchar(75) null
)
go

create table pml_edm_documentrelation (
	documentrelationid decimal(20,0) not null primary key,
	docleftid decimal(20,0),
	docrightid decimal(20,0),
	leftisreceipt int,
	rightisreceipt int
)
go

create table pml_edm_documentsend (
	documentsendid decimal(20,0) not null primary key,
	briefcontent varchar(75) null,
	documentreference varchar(75) null,
	receivingplace varchar(75) null,
	issuingdate datetime null,
	opinion varchar(75) null,
	editorid decimal(20,0),
	signerid decimal(20,0),
	documenttypeid decimal(20,0),
	privilegelevelid varchar(75) null,
	confidentiallevelid varchar(75) null,
	datecreated datetime null,
	islocal int,
	active varchar(75) null,
	senddate datetime null,
	signername varchar(75) null,
	position_ varchar(75) null,
	numberpage varchar(75) null,
	numberpublish varchar(75) null,
	documentsendcode varchar(75) null,
	statusid decimal(20,0),
	iscongvanphucdap int,
	numofdocref decimal(20,0),
	ispublish int,
	orgexternalid decimal(20,0),
	numofdirector int,
	documentrecordtypeid int
)
go

create table pml_edm_documenttype (
	documenttypeid decimal(20,0) not null primary key,
	documenttypename varchar(75) null,
	documentsymbol varchar(75) null,
	documentrecordtypeid int,
	sendreceiptdistinction int,
	HaveDepartExtends int
)
go

create table pml_edm_file_dinh_kem_vanbannoibo (
	fileDinhKemVanBanNoiBoId decimal(20,0) not null primary key,
	tenFileFull varchar(75) null,
	tenFile varchar(75) null,
	duongDanFile varchar(75) null,
	tieuDe varchar(75) null,
	ngayTao datetime null,
	loaiFile varchar(75) null,
	mucDichFile varchar(75) null,
	vanBanNoiBoId decimal(20,0),
	userId decimal(20,0),
	groupId decimal(20,0),
	companyId decimal(20,0)
)
go

create table pml_edm_issuingplace (
	issuingplaceid varchar(75) not null primary key,
	issuingplacename varchar(75) null,
	tablephone varchar(75) null,
	handphone varchar(75) null,
	email varchar(75) null,
	address varchar(75) null,
	active varchar(75) null,
	note varchar(75) null,
	issuingplacecode varchar(75) null,
	signer varchar(75) null
)
go

create table pml_edm_levelsend (
	levelsendid int not null primary key,
	levelsendname varchar(75) null,
	levelsendcode varchar(75) null
)
go

create table pml_edm_levelsenddetail (
	levelsendid int not null,
	issuingPlaceId varchar(75) not null,
	primary key (levelsendid, issuingPlaceId)
)
go

create table pml_edm_loaivanbannoibo (
	loaiVanBanNoiBoId decimal(20,0) not null primary key,
	kyHieuLoaiVanBanNoiBo varchar(75) null,
	tenLoaiVanBanNoiBo varchar(75) null,
	userId decimal(20,0),
	groupId decimal(20,0),
	companyId decimal(20,0)
)
go

create table pml_edm_log_vanbannoibo (
	logVanBanNoiBoId decimal(20,0) not null primary key,
	buocLuanChuyen int,
	nguoiXuLy decimal(20,0),
	ngayXuLy datetime null,
	nguoiNhan decimal(20,0),
	ngayNhan datetime null,
	trangThaiTruoc varchar(75) null,
	trangThaiSau varchar(75) null,
	ngayGui datetime null,
	phongXuLyChinh varchar(75) null,
	nguoiXuLyChinh decimal(20,0),
	loaiQuyTrinh int,
	ngayHetHan datetime null,
	soNgayXuLy int,
	processInstanceId decimal(20,0),
	thongTinXuLy varchar(75) null,
	step int,
	nguoiXuLyTrucTiep decimal(20,0),
	phongXuLy varchar(75) null,
	phongNhan varchar(75) null,
	vanBanHoanThanhHayChua int,
	vanBanNoiBoId decimal(20,0),
	userId decimal(20,0),
	groupId decimal(20,0),
	companyId decimal(20,0)
)
go

create table pml_edm_phong_loai_vanbannoibo (
	loaiVanBanNoiBoId decimal(20,0) not null,
	phongVanBanNoiBoId varchar(75) not null,
	primary key (loaiVanBanNoiBoId, phongVanBanNoiBoId)
)
go

create table pml_edm_privilegelevel (
	privilegelevelid varchar(75) not null primary key,
	privilegelevelname varchar(75) null
)
go

create table pml_edm_processdocumentreceiptdetail (
	id decimal(20,0) not null primary key,
	documentreceiptid decimal(20,0),
	userid decimal(20,0),
	note varchar(75) null,
	datecreated datetime null,
	dateupdate datetime null
)
go

create table pml_edm_so_loai_vanbannoibo (
	soVanBanNoiBoId decimal(20,0) not null,
	loaiVanBanNoiBoId decimal(20,0) not null,
	primary key (soVanBanNoiBoId, loaiVanBanNoiBoId)
)
go

create table pml_edm_so_phong_vanbannoibo (
	soVanBanNoiBoId decimal(20,0) not null,
	phongVanBanNoiBoId varchar(75) not null,
	primary key (soVanBanNoiBoId, phongVanBanNoiBoId)
)
go

create table pml_edm_sovanbannoibo (
	soVanBanNoiBoId decimal(20,0) not null primary key,
	maSoVanBanNoiBo varchar(75) null,
	tenSoVanBanNoiBo varchar(75) null,
	ngayTao datetime null,
	userId decimal(20,0),
	groupId decimal(20,0),
	companyId decimal(20,0)
)
go

create table pml_edm_vanbannoibo (
	vanBanNoiBoId decimal(20,0) not null primary key,
	loaiVanBanNoiBo decimal(20,0),
	soVanBanNoiBo decimal(20,0),
	ngayTao datetime null,
	ngayKy datetime null,
	trichYeu varchar(75) null,
	nguoiKy decimal(20,0),
	ghiChu varchar(75) null,
	soVaoSoVanBanNoiBo varchar(75) null,
	soPhatSinhTheoNam int,
	userId decimal(20,0),
	groupId decimal(20,0),
	companyId decimal(20,0)
)
go

create table pml_edm_writedocumentsend (
	bookdocumentsendid decimal(20,0) not null,
	documentsendid decimal(20,0) not null,
	datecreated datetime null,
	soCongVanDiPhongHienTai int,
	primary key (bookdocumentsendid, documentsendid)
)
go

create table pml_field (
	fieldId varchar(75) not null primary key,
	fieldCode varchar(75) null,
	fieldName varchar(75) null,
	description varchar(75) null,
	active varchar(75) null,
	departmentsId varchar(75) null
)
go

create table pml_file (
	fileId varchar(75) not null primary key,
	cityId varchar(75) null,
	districtId varchar(75) null,
	wardsId varchar(75) null,
	streetId varchar(75) null,
	exactReturningDate datetime null,
	receiverId decimal(20,0),
	validDate datetime null,
	expectedReturningDate datetime null,
	applicationDate datetime null,
	otherContent varchar(75) null,
	briefContent varchar(75) null,
	applicantName varchar(75) null,
	organization varchar(75) null,
	authorisedLetter varchar(75) null,
	idNumber varchar(75) null,
	issuingDate datetime null,
	issuingPlace varchar(75) null,
	telephone varchar(75) null,
	gender varchar(75) null,
	streetNumber varchar(75) null,
	permanentAddress varchar(75) null,
	contactInfomation varchar(75) null,
	oldNumberReceipt varchar(75) null,
	numberReceipt varchar(75) null,
	fileTypeId varchar(75) null,
	fieldId varchar(75) null,
	solvingTime int,
	amendedContent varchar(75) null,
	landCheckingDate datetime null,
	decisionNotice varchar(75) null,
	receiver varchar(75) null,
	dateCreated datetime null,
	lastUpdate datetime null,
	lasttestprocessinfo varchar(75) null,
	active varchar(75) null,
	generalorderno decimal(20,0)
)
go

create table pml_file_attachedfile (
	fileAttachedFileId varchar(75) not null primary key,
	fileId varchar(75) null,
	original int,
	copy_ int,
	attachedFileId varchar(75) null,
	attachedFileName varchar(75) null,
	note varchar(75) null
)
go

create table pml_file_pccc (
	fileid varchar(75) not null primary key,
	fileName varchar(75) null,
	applicantrepresentation varchar(75) null,
	applicanttelephone varchar(75) null,
	receiverrepresentation varchar(75) null,
	receivertelephone varchar(75) null,
	projectname varchar(75) null,
	applicantcategory varchar(75) null,
	addressbuilder varchar(75) null,
	investor varchar(75) null,
	designCop varchar(75) null,
	filenumber int,
	inputdatadate datetime null,
	noteinformationmanagement varchar(75) null,
	totalhour int,
	totaldate int,
	conclusion varchar(75) null,
	receiveofunit varchar(75) null,
	applicanttime varchar(75) null
)
go

create table pml_filepccc_attachedfile (
	attachedfileid decimal(20,0) not null primary key,
	filepcccid varchar(75) null,
	objecttype varchar(75) null,
	attachedfilename varchar(75) null,
	path varchar(75) null,
	datecreated datetime null,
	filetype varchar(75) null,
	title varchar(75) null
)
go

create table pml_filereturninginfo (
	filereturninginfoid decimal(20,0) not null primary key,
	fileid varchar(75) null,
	filesender varchar(75) null,
	licensenumber varchar(75) null,
	issuingdatelicense datetime null,
	receivelicensedate datetime null,
	documentnumber varchar(75) null,
	billnumber varchar(75) null,
	numbermoney decimal(20,0),
	note varchar(75) null,
	conclude varchar(75) null
)
go

create table pml_filestatus (
	filestatusid decimal(20,0) not null primary key,
	filestatuscode varchar(75) null,
	filestatusname varchar(75) null,
	description varchar(75) null,
	active varchar(75) null,
	type varchar(75) null
)
go

create table pml_filestatus_stateprocess (
	id decimal(20,0) not null primary key,
	filestatusid decimal(20,0),
	stateprocessid decimal(20,0),
	description varchar(75) null
)
go

create table pml_filetype (
	fileTypeId varchar(75) not null primary key,
	fileTypeCode varchar(75) null,
	fileTypeName varchar(75) null,
	fieldId varchar(75) null,
	templateId varchar(75) null,
	processTime varchar(75) null,
	description varchar(75) null,
	active varchar(75) null,
	currentReceiptNumber varchar(75) null,
	receiptTemplate varchar(75) null
)
go

create table pml_filetype_attachedfile (
	filetypeAttachedFileId varchar(75) not null primary key,
	fileTypeId varchar(75) null,
	original int,
	copy_ int,
	attachedFileId varchar(75) null,
	attachedFileName varchar(75) null,
	note varchar(75) null
)
go

create table pml_filetypedelegate (
	filetypedelegateid decimal(20,0) not null primary key,
	filetypeid varchar(75) null,
	delegateid decimal(20,0)
)
go

create table pml_ho_so_cong_viec (
	id_ho_so_cong_viec decimal(20,0) not null primary key,
	userId decimal(20,0),
	userName varchar(75) null,
	id_hscv_cha decimal(20,0),
	so_hieu_hscv varchar(75) null,
	tieu_de varchar(75) null,
	ngay_mo_hscv datetime null,
	han_xu_ly datetime null,
	id_linh_vuc varchar(75) null,
	van_de_lien_quan varchar(75) null,
	id_do_quan_trong decimal(20,0),
	id_tinh_chat decimal(20,0),
	id_trang_thai_hscv decimal(20,0),
	tom_tat_noi_dung varchar(75) null,
	hoat_dong varchar(75) null
)
go

create table pml_holiday (
	holidayid decimal(20,0) not null primary key,
	holiday_type varchar(75) null,
	holiday_value varchar(75) null,
	from_date datetime null,
	to_date datetime null
)
go

create table pml_main_support (
	processid decimal(20,0) not null primary key,
	processid_main decimal(20,0),
	type_ varchar(75) null,
	supportinfomation varchar(75) null
)
go

create table pml_manage_documentworkflow (
	managedocumentworkflowid decimal(20,0) not null primary key,
	workflowname varchar(75) null,
	version_ int,
	type_ int,
	description varchar(75) null,
	startdate datetime null,
	enddate datetime null
)
go

create table pml_message_note (
	messageId decimal(20,0) not null primary key,
	documentId decimal(20,0),
	fromUserId decimal(20,0),
	toUserId decimal(20,0),
	createDate datetime null,
	objectType varchar(75) null,
	isAlert int
)
go

create table pml_nation (
	nationid varchar(75) not null primary key,
	nationcode varchar(75) null,
	nationname varchar(75) null,
	countryid varchar(75) null,
	description varchar(75) null,
	active varchar(75) null
)
go

create table pml_organization_external (
	orgexternalid decimal(20,0) not null primary key,
	orgexternalcode varchar(75) null,
	orgexternalname varchar(75) null,
	isownerorg int
)
go

create table pml_paintdocument (
	paintdocumentid decimal(20,0) not null primary key,
	fileid varchar(75) null,
	paintdocumentname varchar(75) null,
	quantity int,
	note varchar(75) null
)
go

create table pml_position (
	positionid varchar(75) not null primary key,
	positioncode varchar(75) null,
	positionname varchar(75) null,
	description varchar(75) null,
	active varchar(75) null
)
go

create table pml_processdispose (
	processdisposeid decimal(20,0) not null primary key,
	fileid varchar(75) null,
	transition_ int,
	processer decimal(20,0),
	dateprocess datetime null,
	processinfomation varchar(75) null,
	receiver decimal(20,0),
	receivedate datetime null,
	stateprocessidbefore decimal(20,0),
	stateprocessidafter decimal(20,0),
	expireddate datetime null,
	delegateuser decimal(20,0),
	senddate datetime null
)
go

create table pml_processtype (
	processtypeid decimal(20,0) not null primary key,
	name varchar(75) null,
	flagprocesstype int
)
go

create table pml_role (
	roleid varchar(75) not null primary key,
	rolecode varchar(75) null,
	rolename varchar(75) null,
	description varchar(75) null,
	active varchar(75) null
)
go

create table pml_room_resource (
	roomId decimal(20,0) not null primary key,
	companyId decimal(20,0),
	userId decimal(20,0),
	createDate datetime null,
	modifiedDate datetime null,
	roomName varchar(255) null,
	description varchar(1000) null
)
go

create table pml_saveprocesstype (
	sptid decimal(20,0) not null primary key,
	docId decimal(20,0),
	flagprocesstype decimal(20,0),
	flag int
)
go

create table pml_screecalendar_heigth (
	screesalendarheigthid decimal(20,0) not null primary key
)
go

create table pml_screencalendar_height (
	screencalendarheightid decimal(20,0) not null primary key
)
go

create table pml_signer (
	signerId decimal(20,0) not null primary key,
	userId decimal(20,0)
)
go

create table pml_state_department (
	departmentid varchar(75) not null,
	statewfid decimal(20,0) not null,
	primary key (departmentid, statewfid)
)
go

create table pml_state_wf (
	statewfid decimal(20,0) not null primary key,
	workflow varchar(75) null,
	stateprocessid decimal(20,0),
	solvingtime int,
	version_ int
)
go

create table pml_stateprocess (
	stateprocessid decimal(20,0) not null primary key,
	stateprocesscode varchar(75) null,
	stateprocessname varchar(75) null,
	filestatusid decimal(20,0),
	description varchar(75) null,
	active varchar(75) null
)
go

create table pml_street (
	streetId varchar(75) not null primary key,
	streetName varchar(75) null
)
go

create table pml_team (
	teamid decimal(20,0) not null primary key,
	departmentid varchar(75) null,
	teamname varchar(75) null,
	description varchar(75) null,
	organizationid decimal(20,0),
	companyid decimal(20,0),
	specialteam varchar(75) null,
	teamcode varchar(75) null
)
go

create table pml_teamleader (
	teamid decimal(20,0) not null primary key,
	userid decimal(20,0)
)
go

create table pml_template (
	templateId decimal(20,0) not null primary key,
	templateCode varchar(75) null,
	templateName varchar(75) null,
	numberOfDocument int,
	publishDate datetime null,
	departmentId varchar(75) null
)
go

create table pml_template_file (
	fileTemplateId decimal(20,0) not null primary key,
	templateId decimal(20,0),
	tenFile varchar(75) null,
	kichThuoc decimal(20,0),
	duongDan varchar(75) null
)
go

create table pml_tinh_chat (
	id_tinh_chat decimal(20,0) not null primary key,
	ten_tinh_chat varchar(75) null
)
go

create table pml_trang_thai_hscv (
	id_trang_thai_hscv decimal(20,0) not null primary key,
	ten_trang_thai_hscv varchar(75) null
)
go

create table pml_transition (
	transitionid decimal(20,0) not null primary key,
	transitionname varchar(75) null,
	filetypeid varchar(75) null,
	notransition int,
	stateprocesscurrent decimal(20,0),
	stateprocessnext decimal(20,0),
	version_ varchar(75) null
)
go

create table pml_user (
	userId decimal(20,0) not null primary key,
	positionId varchar(75) null,
	departmentsId varchar(75) null,
	roleId varchar(75) null,
	handphone varchar(75) null,
	note varchar(75) null,
	teamid decimal(20,0),
	active int,
	screenname varchar(75) null,
	firstname varchar(75) null,
	middlename varchar(75) null,
	lastname varchar(75) null,
	male int,
	birthday datetime null,
	isleadermetting int,
	isvanthuphong int
)
go

create table pml_user_file_type (
	userid decimal(20,0) not null,
	filetypeid varchar(75) not null,
	description varchar(75) null,
	primary key (userid, filetypeid)
)
go

create table pml_wards (
	wardsId varchar(75) not null primary key,
	wardsCode varchar(75) null,
	wardsName varchar(75) null,
	districtId varchar(75) null,
	description varchar(75) null,
	active varchar(75) null
)
go

create table pml_wf_onedoor (
	fileId varchar(75) not null primary key,
	processId decimal(20,0),
	nodeId decimal(20,0)
)
go

create table pml_workflow (
	workflowId decimal(20,0) not null primary key,
	fileTypeId varchar(75) null,
	workflow varchar(75) null,
	version_ int,
	startDate datetime null,
	endDate datetime null
)
go

create table report_registry_work (
	reportRegistryId decimal(20,0) not null primary key,
	reportRegistryCode varchar(75) null,
	userCreate varchar(75) null,
	resultWork varchar(75) null,
	programWork varchar(75) null,
	reportDate datetime null,
	departmentId decimal(20,0),
	userId decimal(20,0),
	groupId decimal(20,0),
	companyId decimal(20,0)
)
go

create table result_program_file (
	resultProgramId decimal(20,0) not null primary key,
	resultProgramTitle varchar(75) null,
	resultProgramPath varchar(75) null,
	resultProgramCheck varchar(75) null,
	reportRegistryId decimal(20,0),
	userId decimal(20,0),
	groupId decimal(20,0),
	companyId decimal(20,0)
)
go



insert into Country (countryId, name, a2, a3, number_, idd_, active_) values (1, 'Canada', 'CA', 'CAN', '124', '001', 1)
go
insert into Country (countryId, name, a2, a3, number_, idd_, active_) values (2, 'China', 'CN', 'CHN', '156', '086', 1)
go
insert into Country (countryId, name, a2, a3, number_, idd_, active_) values (3, 'France', 'FR', 'FRA', '250', '033', 1)
go
insert into Country (countryId, name, a2, a3, number_, idd_, active_) values (4, 'Germany', 'DE', 'DEU', '276', '049', 1)
go
insert into Country (countryId, name, a2, a3, number_, idd_, active_) values (5, 'Hong Kong', 'HK', 'HKG', '344', '852', 1)
go
insert into Country (countryId, name, a2, a3, number_, idd_, active_) values (6, 'Hungary', 'HU', 'HUN', '348', '036', 1)
go
insert into Country (countryId, name, a2, a3, number_, idd_, active_) values (7, 'Israel', 'IL', 'ISR', '376', '972', 1)
go
insert into Country (countryId, name, a2, a3, number_, idd_, active_) values (8, 'Italy', 'IT', 'ITA', '380', '039', 1)
go
insert into Country (countryId, name, a2, a3, number_, idd_, active_) values (9, 'Japan', 'JP', 'JPN', '392', '081', 1)
go
insert into Country (countryId, name, a2, a3, number_, idd_, active_) values (10, 'South Korea', 'KR', 'KOR', '410', '082', 1)
go
insert into Country (countryId, name, a2, a3, number_, idd_, active_) values (11, 'Netherlands', 'NL', 'NLD', '528', '031', 1)
go
insert into Country (countryId, name, a2, a3, number_, idd_, active_) values (12, 'Portugal', 'PT', 'PRT', '620', '351', 1)
go
insert into Country (countryId, name, a2, a3, number_, idd_, active_) values (13, 'Russia', 'RU', 'RUS', '643', '007', 1)
go
insert into Country (countryId, name, a2, a3, number_, idd_, active_) values (14, 'Singapore', 'SG', 'SGP', '702', '065', 1)
go
insert into Country (countryId, name, a2, a3, number_, idd_, active_) values (15, 'Spain', 'ES', 'ESP', '724', '034', 1)
go
insert into Country (countryId, name, a2, a3, number_, idd_, active_) values (16, 'Turkey', 'TR', 'TUR', '792', '090', 1)
go
insert into Country (countryId, name, a2, a3, number_, idd_, active_) values (17, 'Vietnam', 'VM', 'VNM', '704', '084', 1)
go
insert into Country (countryId, name, a2, a3, number_, idd_, active_) values (18, 'United Kingdom', 'GB', 'GBR', '826', '044', 1)
go
insert into Country (countryId, name, a2, a3, number_, idd_, active_) values (19, 'United States', 'US', 'USA', '840', '001', 1)
go
insert into Country (countryId, name, a2, a3, number_, idd_, active_) values (20, 'Afghanistan', 'AF', 'AFG', '4', '093', 1)
go
insert into Country (countryId, name, a2, a3, number_, idd_, active_) values (21, 'Albania', 'AL', 'ALB', '8', '355', 1)
go
insert into Country (countryId, name, a2, a3, number_, idd_, active_) values (22, 'Algeria', 'DZ', 'DZA', '12', '213', 1)
go
insert into Country (countryId, name, a2, a3, number_, idd_, active_) values (23, 'American Samoa', 'AS', 'ASM', '16', '684', 1)
go
insert into Country (countryId, name, a2, a3, number_, idd_, active_) values (24, 'Andorra', 'AD', 'AND', '20', '376', 1)
go
insert into Country (countryId, name, a2, a3, number_, idd_, active_) values (25, 'Angola', 'AO', 'AGO', '24', '244', 1)
go
insert into Country (countryId, name, a2, a3, number_, idd_, active_) values (26, 'Anguilla', 'AI', 'AIA', '660', '264', 1)
go
insert into Country (countryId, name, a2, a3, number_, idd_, active_) values (27, 'Antarctica', 'AQ', 'ATA', '10', '672', 1)
go
insert into Country (countryId, name, a2, a3, number_, idd_, active_) values (28, 'Antigua', 'AG', 'ATG', '28', '268', 1)
go
insert into Country (countryId, name, a2, a3, number_, idd_, active_) values (29, 'Argentina', 'AR', 'ARG', '32', '054', 1)
go
insert into Country (countryId, name, a2, a3, number_, idd_, active_) values (30, 'Armenia', 'AM', 'ARM', '51', '374', 1)
go
insert into Country (countryId, name, a2, a3, number_, idd_, active_) values (31, 'Aruba', 'AW', 'ABW', '533', '297', 1)
go
insert into Country (countryId, name, a2, a3, number_, idd_, active_) values (32, 'Australia', 'AU', 'AUS', '36', '061', 1)
go
insert into Country (countryId, name, a2, a3, number_, idd_, active_) values (33, 'Austria', 'AT', 'AUT', '40', '043', 1)
go
insert into Country (countryId, name, a2, a3, number_, idd_, active_) values (34, 'Azerbaijan', 'AZ', 'AZE', '31', '994', 1)
go
insert into Country (countryId, name, a2, a3, number_, idd_, active_) values (35, 'Bahamas', 'BS', 'BHS', '44', '242', 1)
go
insert into Country (countryId, name, a2, a3, number_, idd_, active_) values (36, 'Bahrain', 'BH', 'BHR', '48', '973', 1)
go
insert into Country (countryId, name, a2, a3, number_, idd_, active_) values (37, 'Bangladesh', 'BD', 'BGD', '50', '880', 1)
go
insert into Country (countryId, name, a2, a3, number_, idd_, active_) values (38, 'Barbados', 'BB', 'BRB', '52', '246', 1)
go
insert into Country (countryId, name, a2, a3, number_, idd_, active_) values (39, 'Belarus', 'BY', 'BLR', '112', '375', 1)
go
insert into Country (countryId, name, a2, a3, number_, idd_, active_) values (40, 'Belgium', 'BE', 'BEL', '56', '032', 1)
go
insert into Country (countryId, name, a2, a3, number_, idd_, active_) values (41, 'Belize', 'BZ', 'BLZ', '84', '501', 1)
go
insert into Country (countryId, name, a2, a3, number_, idd_, active_) values (42, 'Benin', 'BJ', 'BEN', '204', '229', 1)
go
insert into Country (countryId, name, a2, a3, number_, idd_, active_) values (43, 'Bermuda', 'BM', 'BMU', '60', '441', 1)
go
insert into Country (countryId, name, a2, a3, number_, idd_, active_) values (44, 'Bhutan', 'BT', 'BTN', '64', '975', 1)
go
insert into Country (countryId, name, a2, a3, number_, idd_, active_) values (45, 'Bolivia', 'BO', 'BOL', '68', '591', 1)
go
insert into Country (countryId, name, a2, a3, number_, idd_, active_) values (46, 'Bosnia-Herzegovina', 'BA', 'BIH', '70', '387', 1)
go
insert into Country (countryId, name, a2, a3, number_, idd_, active_) values (47, 'Botswana', 'BW', 'BWA', '72', '267', 1)
go
insert into Country (countryId, name, a2, a3, number_, idd_, active_) values (48, 'Brazil', 'BR', 'BRA', '76', '055', 1)
go
insert into Country (countryId, name, a2, a3, number_, idd_, active_) values (49, 'British Virgin Islands', 'VG', 'VGB', '92', '284', 1)
go
insert into Country (countryId, name, a2, a3, number_, idd_, active_) values (50, 'Brunei', 'BN', 'BRN', '96', '673', 1)
go
insert into Country (countryId, name, a2, a3, number_, idd_, active_) values (51, 'Bulgaria', 'BG', 'BGR', '100', '359', 1)
go
insert into Country (countryId, name, a2, a3, number_, idd_, active_) values (52, 'Burkina Faso', 'BF', 'BFA', '854', '226', 1)
go
insert into Country (countryId, name, a2, a3, number_, idd_, active_) values (53, 'Burma (Myanmar)', 'MM', 'MMR', '104', '095', 1)
go
insert into Country (countryId, name, a2, a3, number_, idd_, active_) values (54, 'Burundi', 'BI', 'BDI', '108', '257', 1)
go
insert into Country (countryId, name, a2, a3, number_, idd_, active_) values (55, 'Cambodia', 'KH', 'KHM', '116', '855', 1)
go
insert into Country (countryId, name, a2, a3, number_, idd_, active_) values (56, 'Cameroon', 'CM', 'CMR', '120', '237', 1)
go
insert into Country (countryId, name, a2, a3, number_, idd_, active_) values (57, 'Cape Verde Island', 'CV', 'CPV', '132', '238', 1)
go
insert into Country (countryId, name, a2, a3, number_, idd_, active_) values (58, 'Cayman Islands', 'KY', 'CYM', '136', '345', 1)
go
insert into Country (countryId, name, a2, a3, number_, idd_, active_) values (59, 'Central African Republic', 'CF', 'CAF', '140', '236', 1)
go
insert into Country (countryId, name, a2, a3, number_, idd_, active_) values (60, 'Chad', 'TD', 'TCD', '148', '235', 1)
go
insert into Country (countryId, name, a2, a3, number_, idd_, active_) values (61, 'Chile', 'CL', 'CHL', '152', '056', 1)
go
insert into Country (countryId, name, a2, a3, number_, idd_, active_) values (62, 'Christmas Island', 'CX', 'CXR', '162', '061', 1)
go
insert into Country (countryId, name, a2, a3, number_, idd_, active_) values (63, 'Cocos Islands', 'CC', 'CCK', '166', '061', 1)
go
insert into Country (countryId, name, a2, a3, number_, idd_, active_) values (64, 'Colombia', 'CO', 'COL', '170', '057', 1)
go
insert into Country (countryId, name, a2, a3, number_, idd_, active_) values (65, 'Comoros', 'KM', 'COM', '174', '269', 1)
go
insert into Country (countryId, name, a2, a3, number_, idd_, active_) values (66, 'Republic of Congo', 'CD', 'COD', '180', '242', 1)
go
insert into Country (countryId, name, a2, a3, number_, idd_, active_) values (67, 'Democratic Republic of Congo', 'CG', 'COG', '178', '243', 1)
go
insert into Country (countryId, name, a2, a3, number_, idd_, active_) values (68, 'Cook Islands', 'CK', 'COK', '184', '682', 1)
go
insert into Country (countryId, name, a2, a3, number_, idd_, active_) values (69, 'Costa Rica', 'CR', 'CRI', '188', '506', 1)
go
insert into Country (countryId, name, a2, a3, number_, idd_, active_) values (70, 'Croatia', 'HR', 'HRV', '191', '385', 1)
go
insert into Country (countryId, name, a2, a3, number_, idd_, active_) values (71, 'Cuba', 'CU', 'CUB', '192', '053', 1)
go
insert into Country (countryId, name, a2, a3, number_, idd_, active_) values (72, 'Cyprus', 'CY', 'CYP', '196', '357', 1)
go
insert into Country (countryId, name, a2, a3, number_, idd_, active_) values (73, 'Czech Republic', 'CZ', 'CZE', '203', '420', 1)
go
insert into Country (countryId, name, a2, a3, number_, idd_, active_) values (74, 'Denmark', 'DK', 'DNK', '208', '045', 1)
go
insert into Country (countryId, name, a2, a3, number_, idd_, active_) values (75, 'Djibouti', 'DJ', 'DJI', '262', '253', 1)
go
insert into Country (countryId, name, a2, a3, number_, idd_, active_) values (76, 'Dominica', 'DM', 'DMA', '212', '767', 1)
go
insert into Country (countryId, name, a2, a3, number_, idd_, active_) values (77, 'Dominican Republic', 'DO', 'DOM', '214', '809', 1)
go
insert into Country (countryId, name, a2, a3, number_, idd_, active_) values (78, 'Ecuador', 'EC', 'ECU', '218', '593', 1)
go
insert into Country (countryId, name, a2, a3, number_, idd_, active_) values (79, 'Egypt', 'EG', 'EGY', '818', '020', 1)
go
insert into Country (countryId, name, a2, a3, number_, idd_, active_) values (80, 'El Salvador', 'SV', 'SLV', '222', '503', 1)
go
insert into Country (countryId, name, a2, a3, number_, idd_, active_) values (81, 'Equatorial Guinea', 'GQ', 'GNQ', '226', '240', 1)
go
insert into Country (countryId, name, a2, a3, number_, idd_, active_) values (82, 'Eritrea', 'ER', 'ERI', '232', '291', 1)
go
insert into Country (countryId, name, a2, a3, number_, idd_, active_) values (83, 'Estonia', 'EE', 'EST', '233', '372', 1)
go
insert into Country (countryId, name, a2, a3, number_, idd_, active_) values (84, 'Ethiopia', 'ET', 'ETH', '231', '251', 1)
go
insert into Country (countryId, name, a2, a3, number_, idd_, active_) values (85, 'Faeroe Islands', 'FO', 'FRO', '234', '298', 1)
go
insert into Country (countryId, name, a2, a3, number_, idd_, active_) values (86, 'Falkland Islands', 'FK', 'FLK', '238', '500', 1)
go
insert into Country (countryId, name, a2, a3, number_, idd_, active_) values (87, 'Fiji Islands', 'FJ', 'FJI', '242', '679', 1)
go
insert into Country (countryId, name, a2, a3, number_, idd_, active_) values (88, 'Finland', 'FI', 'FIN', '246', '358', 1)
go
insert into Country (countryId, name, a2, a3, number_, idd_, active_) values (89, 'French Guiana', 'GF', 'GUF', '254', '594', 1)
go
insert into Country (countryId, name, a2, a3, number_, idd_, active_) values (90, 'French Polynesia', 'PF', 'PYF', '258', '689', 1)
go
insert into Country (countryId, name, a2, a3, number_, idd_, active_) values (91, 'Gabon', 'GA', 'GAB', '266', '241', 1)
go
insert into Country (countryId, name, a2, a3, number_, idd_, active_) values (92, 'Gambia', 'GM', 'GMB', '270', '220', 1)
go
insert into Country (countryId, name, a2, a3, number_, idd_, active_) values (93, 'Georgia', 'GE', 'GEO', '268', '995', 1)
go
insert into Country (countryId, name, a2, a3, number_, idd_, active_) values (94, 'Ghana', 'GH', 'GHA', '288', '233', 1)
go
insert into Country (countryId, name, a2, a3, number_, idd_, active_) values (95, 'Gibraltar', 'GI', 'GIB', '292', '350', 1)
go
insert into Country (countryId, name, a2, a3, number_, idd_, active_) values (96, 'Greece', 'GR', 'GRC', '300', '030', 1)
go
insert into Country (countryId, name, a2, a3, number_, idd_, active_) values (97, 'Greenland', 'GL', 'GRL', '304', '299', 1)
go
insert into Country (countryId, name, a2, a3, number_, idd_, active_) values (98, 'Grenada', 'GD', 'GRD', '308', '473', 1)
go
insert into Country (countryId, name, a2, a3, number_, idd_, active_) values (99, 'Guadeloupe', 'GP', 'GLP', '312', '590', 1)
go
insert into Country (countryId, name, a2, a3, number_, idd_, active_) values (100, 'Guam', 'GU', 'GUM', '316', '671', 1)
go
insert into Country (countryId, name, a2, a3, number_, idd_, active_) values (101, 'Guatemala', 'GT', 'GTM', '320', '502', 1)
go
insert into Country (countryId, name, a2, a3, number_, idd_, active_) values (102, 'Guinea', 'GN', 'GIN', '324', '224', 1)
go
insert into Country (countryId, name, a2, a3, number_, idd_, active_) values (103, 'Guinea-Bissau', 'GW', 'GNB', '624', '245', 1)
go
insert into Country (countryId, name, a2, a3, number_, idd_, active_) values (104, 'Guyana', 'GY', 'GUY', '328', '592', 1)
go
insert into Country (countryId, name, a2, a3, number_, idd_, active_) values (105, 'Haiti', 'HT', 'HTI', '332', '509', 1)
go
insert into Country (countryId, name, a2, a3, number_, idd_, active_) values (106, 'Honduras', 'HN', 'HND', '340', '504', 1)
go
insert into Country (countryId, name, a2, a3, number_, idd_, active_) values (107, 'Iceland', 'IS', 'ISL', '352', '354', 1)
go
insert into Country (countryId, name, a2, a3, number_, idd_, active_) values (108, 'India', 'IN', 'IND', '356', '091', 1)
go
insert into Country (countryId, name, a2, a3, number_, idd_, active_) values (109, 'Indonesia', 'ID', 'IDN', '360', '062', 1)
go
insert into Country (countryId, name, a2, a3, number_, idd_, active_) values (110, 'Iran', 'IR', 'IRN', '364', '098', 1)
go
insert into Country (countryId, name, a2, a3, number_, idd_, active_) values (111, 'Iraq', 'IQ', 'IRQ', '368', '964', 1)
go
insert into Country (countryId, name, a2, a3, number_, idd_, active_) values (112, 'Ireland', 'IE', 'IRL', '372', '353', 1)
go
insert into Country (countryId, name, a2, a3, number_, idd_, active_) values (113, 'Ivory Coast', 'CI', 'CIV', '384', '225', 1)
go
insert into Country (countryId, name, a2, a3, number_, idd_, active_) values (114, 'Jamaica', 'JM', 'JAM', '388', '876', 1)
go
insert into Country (countryId, name, a2, a3, number_, idd_, active_) values (115, 'Jordan', 'JO', 'JOR', '400', '962', 1)
go
insert into Country (countryId, name, a2, a3, number_, idd_, active_) values (116, 'Kazakhstan', 'KZ', 'KAZ', '398', '007', 1)
go
insert into Country (countryId, name, a2, a3, number_, idd_, active_) values (117, 'Kenya', 'KE', 'KEN', '404', '254', 1)
go
insert into Country (countryId, name, a2, a3, number_, idd_, active_) values (118, 'Kiribati', 'KI', 'KIR', '408', '686', 1)
go
insert into Country (countryId, name, a2, a3, number_, idd_, active_) values (119, 'Kuwait', 'KW', 'KWT', '414', '965', 1)
go
insert into Country (countryId, name, a2, a3, number_, idd_, active_) values (120, 'North Korea', 'KP', 'PRK', '408', '850', 1)
go
insert into Country (countryId, name, a2, a3, number_, idd_, active_) values (121, 'Kyrgyzstan', 'KG', 'KGZ', '471', '996', 1)
go
insert into Country (countryId, name, a2, a3, number_, idd_, active_) values (122, 'Laos', 'LA', 'LAO', '418', '856', 1)
go
insert into Country (countryId, name, a2, a3, number_, idd_, active_) values (123, 'Latvia', 'LV', 'LVA', '428', '371', 1)
go
insert into Country (countryId, name, a2, a3, number_, idd_, active_) values (124, 'Lebanon', 'LB', 'LBN', '422', '961', 1)
go
insert into Country (countryId, name, a2, a3, number_, idd_, active_) values (125, 'Lesotho', 'LS', 'LSO', '426', '266', 1)
go
insert into Country (countryId, name, a2, a3, number_, idd_, active_) values (126, 'Liberia', 'LR', 'LBR', '430', '231', 1)
go
insert into Country (countryId, name, a2, a3, number_, idd_, active_) values (127, 'Libya', 'LY', 'LBY', '434', '218', 1)
go
insert into Country (countryId, name, a2, a3, number_, idd_, active_) values (128, 'Liechtenstein', 'LI', 'LIE', '438', '423', 1)
go
insert into Country (countryId, name, a2, a3, number_, idd_, active_) values (129, 'Lithuania', 'LT', 'LTU', '440', '370', 1)
go
insert into Country (countryId, name, a2, a3, number_, idd_, active_) values (130, 'Luxembourg', 'LU', 'LUX', '442', '352', 1)
go
insert into Country (countryId, name, a2, a3, number_, idd_, active_) values (131, 'Macau', 'MO', 'MAC', '446', '853', 1)
go
insert into Country (countryId, name, a2, a3, number_, idd_, active_) values (132, 'Macedonia', 'MK', 'MKD', '807', '389', 1)
go
insert into Country (countryId, name, a2, a3, number_, idd_, active_) values (133, 'Madagascar', 'MG', 'MDG', '450', '261', 1)
go
insert into Country (countryId, name, a2, a3, number_, idd_, active_) values (134, 'Malawi', 'MW', 'MWI', '454', '265', 1)
go
insert into Country (countryId, name, a2, a3, number_, idd_, active_) values (135, 'Malaysia', 'MY', 'MYS', '458', '060', 1)
go
insert into Country (countryId, name, a2, a3, number_, idd_, active_) values (136, 'Maldives', 'MV', 'MDV', '462', '960', 1)
go
insert into Country (countryId, name, a2, a3, number_, idd_, active_) values (137, 'Mali', 'ML', 'MLI', '466', '223', 1)
go
insert into Country (countryId, name, a2, a3, number_, idd_, active_) values (138, 'Malta', 'MT', 'MLT', '470', '356', 1)
go
insert into Country (countryId, name, a2, a3, number_, idd_, active_) values (139, 'Marshall Islands', 'MH', 'MHL', '584', '692', 1)
go
insert into Country (countryId, name, a2, a3, number_, idd_, active_) values (140, 'Martinique', 'MQ', 'MTQ', '474', '596', 1)
go
insert into Country (countryId, name, a2, a3, number_, idd_, active_) values (141, 'Mauritania', 'MR', 'MRT', '478', '222', 1)
go
insert into Country (countryId, name, a2, a3, number_, idd_, active_) values (142, 'Mauritius', 'MU', 'MUS', '480', '230', 1)
go
insert into Country (countryId, name, a2, a3, number_, idd_, active_) values (143, 'Mayotte Island', 'YT', 'MYT', '175', '269', 1)
go
insert into Country (countryId, name, a2, a3, number_, idd_, active_) values (144, 'Mexico', 'MX', 'MEX', '484', '052', 1)
go
insert into Country (countryId, name, a2, a3, number_, idd_, active_) values (145, 'Micronesia', 'FM', 'FSM', '583', '691', 1)
go
insert into Country (countryId, name, a2, a3, number_, idd_, active_) values (146, 'Moldova', 'MD', 'MDA', '498', '373', 1)
go
insert into Country (countryId, name, a2, a3, number_, idd_, active_) values (147, 'Monaco', 'MC', 'MCO', '492', '377', 1)
go
insert into Country (countryId, name, a2, a3, number_, idd_, active_) values (148, 'Mongolia', 'MN', 'MNG', '496', '976', 1)
go
insert into Country (countryId, name, a2, a3, number_, idd_, active_) values (149, 'Montenegro', 'ME', 'MNE', '499', '382', 1)
go
insert into Country (countryId, name, a2, a3, number_, idd_, active_) values (150, 'Montserrat', 'MS', 'MSR', '500', '664', 1)
go
insert into Country (countryId, name, a2, a3, number_, idd_, active_) values (151, 'Morocco', 'MA', 'MAR', '504', '212', 1)
go
insert into Country (countryId, name, a2, a3, number_, idd_, active_) values (152, 'Mozambique', 'MZ', 'MOZ', '508', '258', 1)
go
insert into Country (countryId, name, a2, a3, number_, idd_, active_) values (153, 'Namibia', 'NA', 'NAM', '516', '264', 1)
go
insert into Country (countryId, name, a2, a3, number_, idd_, active_) values (154, 'Nauru', 'NR', 'NRU', '520', '674', 1)
go
insert into Country (countryId, name, a2, a3, number_, idd_, active_) values (155, 'Nepal', 'NP', 'NPL', '524', '977', 1)
go
insert into Country (countryId, name, a2, a3, number_, idd_, active_) values (156, 'Netherlands Antilles', 'AN', 'ANT', '530', '599', 1)
go
insert into Country (countryId, name, a2, a3, number_, idd_, active_) values (157, 'New Caledonia', 'NC', 'NCL', '540', '687', 1)
go
insert into Country (countryId, name, a2, a3, number_, idd_, active_) values (158, 'New Zealand', 'NZ', 'NZL', '554', '064', 1)
go
insert into Country (countryId, name, a2, a3, number_, idd_, active_) values (159, 'Nicaragua', 'NI', 'NIC', '558', '505', 1)
go
insert into Country (countryId, name, a2, a3, number_, idd_, active_) values (160, 'Niger', 'NE', 'NER', '562', '227', 1)
go
insert into Country (countryId, name, a2, a3, number_, idd_, active_) values (161, 'Nigeria', 'NG', 'NGA', '566', '234', 1)
go
insert into Country (countryId, name, a2, a3, number_, idd_, active_) values (162, 'Niue', 'NU', 'NIU', '570', '683', 1)
go
insert into Country (countryId, name, a2, a3, number_, idd_, active_) values (163, 'Norfolk Island', 'NF', 'NFK', '574', '672', 1)
go
insert into Country (countryId, name, a2, a3, number_, idd_, active_) values (164, 'Norway', 'NO', 'NOR', '578', '047', 1)
go
insert into Country (countryId, name, a2, a3, number_, idd_, active_) values (165, 'Oman', 'OM', 'OMN', '512', '968', 1)
go
insert into Country (countryId, name, a2, a3, number_, idd_, active_) values (166, 'Pakistan', 'PK', 'PAK', '586', '092', 1)
go
insert into Country (countryId, name, a2, a3, number_, idd_, active_) values (167, 'Palau', 'PW', 'PLW', '585', '680', 1)
go
insert into Country (countryId, name, a2, a3, number_, idd_, active_) values (168, 'Palestine', 'PS', 'PSE', '275', '970', 1)
go
insert into Country (countryId, name, a2, a3, number_, idd_, active_) values (169, 'Panama', 'PA', 'PAN', '591', '507', 1)
go
insert into Country (countryId, name, a2, a3, number_, idd_, active_) values (170, 'Papua New Guinea', 'PG', 'PNG', '598', '675', 1)
go
insert into Country (countryId, name, a2, a3, number_, idd_, active_) values (171, 'Paraguay', 'PY', 'PRY', '600', '595', 1)
go
insert into Country (countryId, name, a2, a3, number_, idd_, active_) values (172, 'Peru', 'PE', 'PER', '604', '051', 1)
go
insert into Country (countryId, name, a2, a3, number_, idd_, active_) values (173, 'Philippines', 'PH', 'PHL', '608', '063', 1)
go
insert into Country (countryId, name, a2, a3, number_, idd_, active_) values (174, 'Poland', 'PL', 'POL', '616', '048', 1)
go
insert into Country (countryId, name, a2, a3, number_, idd_, active_) values (175, 'Puerto Rico', 'PR', 'PRI', '630', '787', 1)
go
insert into Country (countryId, name, a2, a3, number_, idd_, active_) values (176, 'Qatar', 'QA', 'QAT', '634', '974', 1)
go
insert into Country (countryId, name, a2, a3, number_, idd_, active_) values (177, 'Reunion Island', 'RE', 'REU', '638', '262', 1)
go
insert into Country (countryId, name, a2, a3, number_, idd_, active_) values (178, 'Romania', 'RO', 'ROU', '642', '040', 1)
go
insert into Country (countryId, name, a2, a3, number_, idd_, active_) values (179, 'Rwanda', 'RW', 'RWA', '646', '250', 1)
go
insert into Country (countryId, name, a2, a3, number_, idd_, active_) values (180, 'St. Helena', 'SH', 'SHN', '654', '290', 1)
go
insert into Country (countryId, name, a2, a3, number_, idd_, active_) values (181, 'St. Kitts', 'KN', 'KNA', '659', '869', 1)
go
insert into Country (countryId, name, a2, a3, number_, idd_, active_) values (182, 'St. Lucia', 'LC', 'LCA', '662', '758', 1)
go
insert into Country (countryId, name, a2, a3, number_, idd_, active_) values (183, 'St. Pierre & Miquelon', 'PM', 'SPM', '666', '508', 1)
go
insert into Country (countryId, name, a2, a3, number_, idd_, active_) values (184, 'St. Vincent', 'VC', 'VCT', '670', '784', 1)
go
insert into Country (countryId, name, a2, a3, number_, idd_, active_) values (185, 'San Marino', 'SM', 'SMR', '674', '378', 1)
go
insert into Country (countryId, name, a2, a3, number_, idd_, active_) values (186, 'Sao Tome & Principe', 'ST', 'STP', '678', '239', 1)
go
insert into Country (countryId, name, a2, a3, number_, idd_, active_) values (187, 'Saudi Arabia', 'SA', 'SAU', '682', '966', 1)
go
insert into Country (countryId, name, a2, a3, number_, idd_, active_) values (188, 'Senegal', 'SN', 'SEN', '686', '221', 1)
go
insert into Country (countryId, name, a2, a3, number_, idd_, active_) values (189, 'Serbia', 'RS', 'SRB', '688', '381', 1)
go
insert into Country (countryId, name, a2, a3, number_, idd_, active_) values (190, 'Seychelles', 'SC', 'SYC', '690', '248', 1)
go
insert into Country (countryId, name, a2, a3, number_, idd_, active_) values (191, 'Sierra Leone', 'SL', 'SLE', '694', '249', 1)
go
insert into Country (countryId, name, a2, a3, number_, idd_, active_) values (192, 'Slovakia', 'SK', 'SVK', '703', '421', 1)
go
insert into Country (countryId, name, a2, a3, number_, idd_, active_) values (193, 'Slovenia', 'SI', 'SVN', '705', '386', 1)
go
insert into Country (countryId, name, a2, a3, number_, idd_, active_) values (194, 'Solomon Islands', 'SB', 'SLB', '90', '677', 1)
go
insert into Country (countryId, name, a2, a3, number_, idd_, active_) values (195, 'Somalia', 'SO', 'SOM', '706', '252', 1)
go
insert into Country (countryId, name, a2, a3, number_, idd_, active_) values (196, 'South Africa', 'ZA', 'ZAF', '710', '027', 1)
go
insert into Country (countryId, name, a2, a3, number_, idd_, active_) values (197, 'Sri Lanka', 'LK', 'LKA', '144', '094', 1)
go
insert into Country (countryId, name, a2, a3, number_, idd_, active_) values (198, 'Sudan', 'SD', 'SDN', '736', '095', 1)
go
insert into Country (countryId, name, a2, a3, number_, idd_, active_) values (199, 'Suriname', 'SR', 'SUR', '740', '597', 1)
go
insert into Country (countryId, name, a2, a3, number_, idd_, active_) values (200, 'Swaziland', 'SZ', 'SWZ', '748', '268', 1)
go
insert into Country (countryId, name, a2, a3, number_, idd_, active_) values (201, 'Sweden', 'SE', 'SWE', '752', '046', 1)
go
insert into Country (countryId, name, a2, a3, number_, idd_, active_) values (202, 'Switzerland', 'CH', 'CHE', '756', '041', 1)
go
insert into Country (countryId, name, a2, a3, number_, idd_, active_) values (203, 'Syria', 'SY', 'SYR', '760', '963', 1)
go
insert into Country (countryId, name, a2, a3, number_, idd_, active_) values (204, 'Taiwan', 'TW', 'TWN', '158', '886', 1)
go
insert into Country (countryId, name, a2, a3, number_, idd_, active_) values (205, 'Tajikistan', 'TJ', 'TJK', '762', '992', 1)
go
insert into Country (countryId, name, a2, a3, number_, idd_, active_) values (206, 'Tanzania', 'TZ', 'TZA', '834', '255', 1)
go
insert into Country (countryId, name, a2, a3, number_, idd_, active_) values (207, 'Thailand', 'TH', 'THA', '764', '066', 1)
go
insert into Country (countryId, name, a2, a3, number_, idd_, active_) values (208, 'Togo', 'TG', 'TGO', '768', '228', 1)
go
insert into Country (countryId, name, a2, a3, number_, idd_, active_) values (209, 'Tonga', 'TO', 'TON', '776', '676', 1)
go
insert into Country (countryId, name, a2, a3, number_, idd_, active_) values (210, 'Trinidad & Tobago', 'TT', 'TTO', '780', '868', 1)
go
insert into Country (countryId, name, a2, a3, number_, idd_, active_) values (211, 'Tunisia', 'TN', 'TUN', '788', '216', 1)
go
insert into Country (countryId, name, a2, a3, number_, idd_, active_) values (212, 'Turkmenistan', 'TM', 'TKM', '795', '993', 1)
go
insert into Country (countryId, name, a2, a3, number_, idd_, active_) values (213, 'Turks & Caicos', 'TC', 'TCA', '796', '649', 1)
go
insert into Country (countryId, name, a2, a3, number_, idd_, active_) values (214, 'Tuvalu', 'TV', 'TUV', '798', '688', 1)
go
insert into Country (countryId, name, a2, a3, number_, idd_, active_) values (215, 'Uganda', 'UG', 'UGA', '800', '256', 1)
go
insert into Country (countryId, name, a2, a3, number_, idd_, active_) values (216, 'Ukraine', 'UA', 'UKR', '804', '380', 1)
go
insert into Country (countryId, name, a2, a3, number_, idd_, active_) values (217, 'United Arab Emirates', 'AE', 'ARE', '784', '971', 1)
go
insert into Country (countryId, name, a2, a3, number_, idd_, active_) values (218, 'Uruguay', 'UY', 'URY', '858', '598', 1)
go
insert into Country (countryId, name, a2, a3, number_, idd_, active_) values (219, 'Uzbekistan', 'UZ', 'UZB', '860', '998', 1)
go
insert into Country (countryId, name, a2, a3, number_, idd_, active_) values (220, 'Vanuatu', 'VU', 'VUT', '548', '678', 1)
go
insert into Country (countryId, name, a2, a3, number_, idd_, active_) values (221, 'Vatican City', 'VA', 'VAT', '336', '039', 1)
go
insert into Country (countryId, name, a2, a3, number_, idd_, active_) values (222, 'Venezuela', 'VE', 'VEN', '862', '058', 1)
go
insert into Country (countryId, name, a2, a3, number_, idd_, active_) values (223, 'Wallis & Futuna', 'WF', 'WLF', '876', '681', 1)
go
insert into Country (countryId, name, a2, a3, number_, idd_, active_) values (224, 'Western Samoa', 'EH', 'ESH', '732', '685', 1)
go
insert into Country (countryId, name, a2, a3, number_, idd_, active_) values (225, 'Yemen', 'YE', 'YEM', '887', '967', 1)
go
insert into Country (countryId, name, a2, a3, number_, idd_, active_) values (226, 'Zambia', 'ZM', 'ZMB', '894', '260', 1)
go
insert into Country (countryId, name, a2, a3, number_, idd_, active_) values (227, 'Zimbabwe', 'ZW', 'ZWE', '716', '263', 1)
go

insert into Region (regionId, countryId, regionCode, name, active_) values (1, 19, 'AL', 'Alabama', 1)
go
insert into Region (regionId, countryId, regionCode, name, active_) values (2, 19, 'AK', 'Alaska', 1)
go
insert into Region (regionId, countryId, regionCode, name, active_) values (3, 19, 'AZ', 'Arizona', 1)
go
insert into Region (regionId, countryId, regionCode, name, active_) values (4, 19, 'AR', 'Arkansas', 1)
go
insert into Region (regionId, countryId, regionCode, name, active_) values (5, 19, 'CA', 'California', 1)
go
insert into Region (regionId, countryId, regionCode, name, active_) values (6, 19, 'CO', 'Colorado', 1)
go
insert into Region (regionId, countryId, regionCode, name, active_) values (7, 19, 'CT', 'Connecticut', 1)
go
insert into Region (regionId, countryId, regionCode, name, active_) values (8, 19, 'DC', 'District of Columbia', 1)
go
insert into Region (regionId, countryId, regionCode, name, active_) values (9, 19, 'DE', 'Delaware', 1)
go
insert into Region (regionId, countryId, regionCode, name, active_) values (10, 19, 'FL', 'Florida', 1)
go
insert into Region (regionId, countryId, regionCode, name, active_) values (11, 19, 'GA', 'Georgia', 1)
go
insert into Region (regionId, countryId, regionCode, name, active_) values (12, 19, 'HI', 'Hawaii', 1)
go
insert into Region (regionId, countryId, regionCode, name, active_) values (13, 19, 'ID', 'Idaho', 1)
go
insert into Region (regionId, countryId, regionCode, name, active_) values (14, 19, 'IL', 'Illinois', 1)
go
insert into Region (regionId, countryId, regionCode, name, active_) values (15, 19, 'IN', 'Indiana', 1)
go
insert into Region (regionId, countryId, regionCode, name, active_) values (16, 19, 'IA', 'Iowa', 1)
go
insert into Region (regionId, countryId, regionCode, name, active_) values (17, 19, 'KS', 'Kansas', 1)
go
insert into Region (regionId, countryId, regionCode, name, active_) values (18, 19, 'KY', 'Kentucky ', 1)
go
insert into Region (regionId, countryId, regionCode, name, active_) values (19, 19, 'LA', 'Louisiana ', 1)
go
insert into Region (regionId, countryId, regionCode, name, active_) values (20, 19, 'ME', 'Maine', 1)
go
insert into Region (regionId, countryId, regionCode, name, active_) values (21, 19, 'MD', 'Maryland', 1)
go
insert into Region (regionId, countryId, regionCode, name, active_) values (22, 19, 'MA', 'Massachusetts', 1)
go
insert into Region (regionId, countryId, regionCode, name, active_) values (23, 19, 'MI', 'Michigan', 1)
go
insert into Region (regionId, countryId, regionCode, name, active_) values (24, 19, 'MN', 'Minnesota', 1)
go
insert into Region (regionId, countryId, regionCode, name, active_) values (25, 19, 'MS', 'Mississippi', 1)
go
insert into Region (regionId, countryId, regionCode, name, active_) values (26, 19, 'MO', 'Missouri', 1)
go
insert into Region (regionId, countryId, regionCode, name, active_) values (27, 19, 'MT', 'Montana', 1)
go
insert into Region (regionId, countryId, regionCode, name, active_) values (28, 19, 'NE', 'Nebraska', 1)
go
insert into Region (regionId, countryId, regionCode, name, active_) values (29, 19, 'NV', 'Nevada', 1)
go
insert into Region (regionId, countryId, regionCode, name, active_) values (30, 19, 'NH', 'New Hampshire', 1)
go
insert into Region (regionId, countryId, regionCode, name, active_) values (31, 19, 'NJ', 'New Jersey', 1)
go
insert into Region (regionId, countryId, regionCode, name, active_) values (32, 19, 'NM', 'New Mexico', 1)
go
insert into Region (regionId, countryId, regionCode, name, active_) values (33, 19, 'NY', 'New York', 1)
go
insert into Region (regionId, countryId, regionCode, name, active_) values (34, 19, 'NC', 'North Carolina', 1)
go
insert into Region (regionId, countryId, regionCode, name, active_) values (35, 19, 'ND', 'North Dakota', 1)
go
insert into Region (regionId, countryId, regionCode, name, active_) values (36, 19, 'OH', 'Ohio', 1)
go
insert into Region (regionId, countryId, regionCode, name, active_) values (37, 19, 'OK', 'Oklahoma ', 1)
go
insert into Region (regionId, countryId, regionCode, name, active_) values (38, 19, 'OR', 'Oregon', 1)
go
insert into Region (regionId, countryId, regionCode, name, active_) values (39, 19, 'PA', 'Pennsylvania', 1)
go
insert into Region (regionId, countryId, regionCode, name, active_) values (40, 19, 'PR', 'Puerto Rico', 1)
go
insert into Region (regionId, countryId, regionCode, name, active_) values (41, 19, 'RI', 'Rhode Island', 1)
go
insert into Region (regionId, countryId, regionCode, name, active_) values (42, 19, 'SC', 'South Carolina', 1)
go
insert into Region (regionId, countryId, regionCode, name, active_) values (43, 19, 'SD', 'South Dakota', 1)
go
insert into Region (regionId, countryId, regionCode, name, active_) values (44, 19, 'TN', 'Tennessee', 1)
go
insert into Region (regionId, countryId, regionCode, name, active_) values (45, 19, 'TX', 'Texas', 1)
go
insert into Region (regionId, countryId, regionCode, name, active_) values (46, 19, 'UT', 'Utah', 1)
go
insert into Region (regionId, countryId, regionCode, name, active_) values (47, 19, 'VT', 'Vermont', 1)
go
insert into Region (regionId, countryId, regionCode, name, active_) values (48, 19, 'VA', 'Virginia', 1)
go
insert into Region (regionId, countryId, regionCode, name, active_) values (49, 19, 'WA', 'Washington', 1)
go
insert into Region (regionId, countryId, regionCode, name, active_) values (50, 19, 'WV', 'West Virginia', 1)
go
insert into Region (regionId, countryId, regionCode, name, active_) values (51, 19, 'WI', 'Wisconsin', 1)
go
insert into Region (regionId, countryId, regionCode, name, active_) values (52, 19, 'WY', 'Wyoming', 1)
go
insert into Region (regionId, countryId, regionCode, name, active_) values (53, 1, 'AL', 'Alberta', 1)
go
insert into Region (regionId, countryId, regionCode, name, active_) values (54, 1, 'BC', 'British Columbia', 1)
go
insert into Region (regionId, countryId, regionCode, name, active_) values (55, 1, 'MB', 'Manitoba', 1)
go
insert into Region (regionId, countryId, regionCode, name, active_) values (56, 1, 'NB', 'New Brunswick', 1)
go
insert into Region (regionId, countryId, regionCode, name, active_) values (57, 1, 'NL', 'Newfoundland and Labrador', 1)
go
insert into Region (regionId, countryId, regionCode, name, active_) values (58, 1, 'NT', 'Northwest Territories', 1)
go
insert into Region (regionId, countryId, regionCode, name, active_) values (59, 1, 'NS', 'Nova Scotia', 1)
go
insert into Region (regionId, countryId, regionCode, name, active_) values (60, 1, 'NU', 'Nunavut', 1)
go
insert into Region (regionId, countryId, regionCode, name, active_) values (61, 1, 'ON', 'Ontario', 1)
go
insert into Region (regionId, countryId, regionCode, name, active_) values (62, 1, 'PE', 'Prince Edward Island', 1)
go
insert into Region (regionId, countryId, regionCode, name, active_) values (63, 1, 'QC', 'Quebec', 1)
go
insert into Region (regionId, countryId, regionCode, name, active_) values (64, 1, 'SK', 'Saskatchewan', 1)
go
insert into Region (regionId, countryId, regionCode, name, active_) values (65, 1, 'YT', 'Yukon', 1)
go
insert into Region (regionId, countryId, regionCode, name, active_) values (66, 15, 'AN', 'Andalusia', 1)
go
insert into Region (regionId, countryId, regionCode, name, active_) values (67, 15, 'AR', 'Aragon', 1)
go
insert into Region (regionId, countryId, regionCode, name, active_) values (68, 15, 'AS', 'Asturias', 1)
go
insert into Region (regionId, countryId, regionCode, name, active_) values (69, 15, 'IB', 'Balearic Islands', 1)
go
insert into Region (regionId, countryId, regionCode, name, active_) values (70, 15, 'PV', 'Basque Country', 1)
go
insert into Region (regionId, countryId, regionCode, name, active_) values (71, 15, 'CN', 'Canary Islands', 1)
go
insert into Region (regionId, countryId, regionCode, name, active_) values (72, 15, 'CB', 'Cantabria', 1)
go
insert into Region (regionId, countryId, regionCode, name, active_) values (73, 15, 'CL', 'Castile and Leon', 1)
go
insert into Region (regionId, countryId, regionCode, name, active_) values (74, 15, 'CM', 'Castile-La Mancha', 1)
go
insert into Region (regionId, countryId, regionCode, name, active_) values (75, 15, 'CT', 'Catalonia', 1)
go
insert into Region (regionId, countryId, regionCode, name, active_) values (76, 15, 'CE', 'Ceuta', 1)
go
insert into Region (regionId, countryId, regionCode, name, active_) values (77, 15, 'EX', 'Extremadura', 1)
go
insert into Region (regionId, countryId, regionCode, name, active_) values (78, 15, 'GA', 'Galicia', 1)
go
insert into Region (regionId, countryId, regionCode, name, active_) values (79, 15, 'LO', 'La Rioja', 1)
go
insert into Region (regionId, countryId, regionCode, name, active_) values (80, 15, 'M', 'Madrid', 1)
go
insert into Region (regionId, countryId, regionCode, name, active_) values (81, 15, 'ML', 'Melilla', 1)
go
insert into Region (regionId, countryId, regionCode, name, active_) values (82, 15, 'MU', 'Murcia', 1)
go
insert into Region (regionId, countryId, regionCode, name, active_) values (83, 15, 'NA', 'Navarra', 1)
go
insert into Region (regionId, countryId, regionCode, name, active_) values (84, 15, 'VC', 'Valencia', 1)
go

--
-- List types for accounts
--

insert into ListType (listTypeId, name, type_) values (10000, 'Billing', 'com.liferay.portal.model.Account.address')
go
insert into ListType (listTypeId, name, type_) values (10001, 'Other', 'com.liferay.portal.model.Account.address')
go
insert into ListType (listTypeId, name, type_) values (10002, 'P.O. Box', 'com.liferay.portal.model.Account.address')
go
insert into ListType (listTypeId, name, type_) values (10003, 'Shipping', 'com.liferay.portal.model.Account.address')
go

insert into ListType (listTypeId, name, type_) values (10004, 'E-mail', 'com.liferay.portal.model.Account.emailAddress')
go
insert into ListType (listTypeId, name, type_) values (10005, 'E-mail 2', 'com.liferay.portal.model.Account.emailAddress')
go
insert into ListType (listTypeId, name, type_) values (10006, 'E-mail 3', 'com.liferay.portal.model.Account.emailAddress')
go

insert into ListType (listTypeId, name, type_) values (10007, 'Fax', 'com.liferay.portal.model.Account.phone')
go
insert into ListType (listTypeId, name, type_) values (10008, 'Local', 'com.liferay.portal.model.Account.phone')
go
insert into ListType (listTypeId, name, type_) values (10009, 'Other', 'com.liferay.portal.model.Account.phone')
go
insert into ListType (listTypeId, name, type_) values (10010, 'Toll-Free', 'com.liferay.portal.model.Account.phone')
go
insert into ListType (listTypeId, name, type_) values (10011, 'TTY', 'com.liferay.portal.model.Account.phone')
go

insert into ListType (listTypeId, name, type_) values (10012, 'Intranet', 'com.liferay.portal.model.Account.website')
go
insert into ListType (listTypeId, name, type_) values (10013, 'Public', 'com.liferay.portal.model.Account.website')
go

--
-- List types for contacts
--

insert into ListType (listTypeId, name, type_) values (11000, 'Business', 'com.liferay.portal.model.Contact.address')
go
insert into ListType (listTypeId, name, type_) values (11001, 'Other', 'com.liferay.portal.model.Contact.address')
go
insert into ListType (listTypeId, name, type_) values (11002, 'Personal', 'com.liferay.portal.model.Contact.address')
go

insert into ListType (listTypeId, name, type_) values (11003, 'E-mail', 'com.liferay.portal.model.Contact.emailAddress')
go
insert into ListType (listTypeId, name, type_) values (11004, 'E-mail 2', 'com.liferay.portal.model.Contact.emailAddress')
go
insert into ListType (listTypeId, name, type_) values (11005, 'E-mail 3', 'com.liferay.portal.model.Contact.emailAddress')
go

insert into ListType (listTypeId, name, type_) values (11006, 'Business', 'com.liferay.portal.model.Contact.phone')
go
insert into ListType (listTypeId, name, type_) values (11007, 'Business Fax', 'com.liferay.portal.model.Contact.phone')
go
insert into ListType (listTypeId, name, type_) values (11008, 'Mobile', 'com.liferay.portal.model.Contact.phone')
go
insert into ListType (listTypeId, name, type_) values (11009, 'Other', 'com.liferay.portal.model.Contact.phone')
go
insert into ListType (listTypeId, name, type_) values (11010, 'Pager', 'com.liferay.portal.model.Contact.phone')
go
insert into ListType (listTypeId, name, type_) values (11011, 'Personal', 'com.liferay.portal.model.Contact.phone')
go
insert into ListType (listTypeId, name, type_) values (11012, 'Personal Fax', 'com.liferay.portal.model.Contact.phone')
go
insert into ListType (listTypeId, name, type_) values (11013, 'TTY', 'com.liferay.portal.model.Contact.phone')
go

insert into ListType (listTypeId, name, type_) values (11014, 'Dr.', 'com.liferay.portal.model.Contact.prefix')
go
insert into ListType (listTypeId, name, type_) values (11015, 'Mr.', 'com.liferay.portal.model.Contact.prefix')
go
insert into ListType (listTypeId, name, type_) values (11016, 'Mrs.', 'com.liferay.portal.model.Contact.prefix')
go
insert into ListType (listTypeId, name, type_) values (11017, 'Ms.', 'com.liferay.portal.model.Contact.prefix')
go

insert into ListType (listTypeId, name, type_) values (11020, 'II', 'com.liferay.portal.model.Contact.suffix')
go
insert into ListType (listTypeId, name, type_) values (11021, 'III', 'com.liferay.portal.model.Contact.suffix')
go
insert into ListType (listTypeId, name, type_) values (11022, 'IV', 'com.liferay.portal.model.Contact.suffix')
go
insert into ListType (listTypeId, name, type_) values (11023, 'Jr.', 'com.liferay.portal.model.Contact.suffix')
go
insert into ListType (listTypeId, name, type_) values (11024, 'PhD.', 'com.liferay.portal.model.Contact.suffix')
go
insert into ListType (listTypeId, name, type_) values (11025, 'Sr.', 'com.liferay.portal.model.Contact.suffix')
go

insert into ListType (listTypeId, name, type_) values (11026, 'Blog', 'com.liferay.portal.model.Contact.website')
go
insert into ListType (listTypeId, name, type_) values (11027, 'Business', 'com.liferay.portal.model.Contact.website')
go
insert into ListType (listTypeId, name, type_) values (11028, 'Other', 'com.liferay.portal.model.Contact.website')
go
insert into ListType (listTypeId, name, type_) values (11029, 'Personal', 'com.liferay.portal.model.Contact.website')
go

--
-- List types for organizations
--

insert into ListType (listTypeId, name, type_) values (12000, 'Billing', 'com.liferay.portal.model.Organization.address')
go
insert into ListType (listTypeId, name, type_) values (12001, 'Other', 'com.liferay.portal.model.Organization.address')
go
insert into ListType (listTypeId, name, type_) values (12002, 'P.O. Box', 'com.liferay.portal.model.Organization.address')
go
insert into ListType (listTypeId, name, type_) values (12003, 'Shipping', 'com.liferay.portal.model.Organization.address')
go

insert into ListType (listTypeId, name, type_) values (12004, 'E-mail', 'com.liferay.portal.model.Organization.emailAddress')
go
insert into ListType (listTypeId, name, type_) values (12005, 'E-mail 2', 'com.liferay.portal.model.Organization.emailAddress')
go
insert into ListType (listTypeId, name, type_) values (12006, 'E-mail 3', 'com.liferay.portal.model.Organization.emailAddress')
go

insert into ListType (listTypeId, name, type_) values (12007, 'Fax', 'com.liferay.portal.model.Organization.phone')
go
insert into ListType (listTypeId, name, type_) values (12008, 'Local', 'com.liferay.portal.model.Organization.phone')
go
insert into ListType (listTypeId, name, type_) values (12009, 'Other', 'com.liferay.portal.model.Organization.phone')
go
insert into ListType (listTypeId, name, type_) values (12010, 'Toll-Free', 'com.liferay.portal.model.Organization.phone')
go
insert into ListType (listTypeId, name, type_) values (12011, 'TTY', 'com.liferay.portal.model.Organization.phone')
go

insert into ListType (listTypeId, name, type_) values (12012, 'Administrative', 'com.liferay.portal.model.Organization.service')
go
insert into ListType (listTypeId, name, type_) values (12013, 'Contracts', 'com.liferay.portal.model.Organization.service')
go
insert into ListType (listTypeId, name, type_) values (12014, 'Donation', 'com.liferay.portal.model.Organization.service')
go
insert into ListType (listTypeId, name, type_) values (12015, 'Retail', 'com.liferay.portal.model.Organization.service')
go
insert into ListType (listTypeId, name, type_) values (12016, 'Training', 'com.liferay.portal.model.Organization.service')
go

insert into ListType (listTypeId, name, type_) values (12017, 'Full Member', 'com.liferay.portal.model.Organization.status')
go
insert into ListType (listTypeId, name, type_) values (12018, 'Provisional Member', 'com.liferay.portal.model.Organization.status')
go

insert into ListType (listTypeId, name, type_) values (12019, 'Intranet', 'com.liferay.portal.model.Organization.website')
go
insert into ListType (listTypeId, name, type_) values (12020, 'Public', 'com.liferay.portal.model.Organization.website')
go



insert into Counter values ('com.liferay.counter.model.Counter', 10000)
go


insert into Release_ (releaseId, createDate, modifiedDate, buildNumber, verified) values (1, getdate(), getdate(), 5102, 0)
go


create table QUARTZ_JOB_DETAILS (
	JOB_NAME varchar(80) not null,
	JOB_GROUP varchar(80) not null,
	DESCRIPTION varchar(120) null,
	JOB_CLASS_NAME varchar(128) not null,
	IS_DURABLE int not null,
	IS_VOLATILE int not null,
	IS_STATEFUL int not null,
	REQUESTS_RECOVERY int not null,
	JOB_DATA image null,
	primary key (JOB_NAME, JOB_GROUP)
)
go

create table QUARTZ_JOB_LISTENERS (
	JOB_NAME varchar(80) not null,
	JOB_GROUP varchar(80) not null,
	JOB_LISTENER varchar(80) not null,
	primary key (JOB_NAME, JOB_GROUP, JOB_LISTENER)
)
go

create table QUARTZ_TRIGGERS (
	TRIGGER_NAME varchar(80) not null,
	TRIGGER_GROUP varchar(80) not null,
	JOB_NAME varchar(80) not null,
	JOB_GROUP varchar(80) not null,
	IS_VOLATILE int not null,
	DESCRIPTION varchar(120) null,
	NEXT_FIRE_TIME decimal(20,0) null,
	PREV_FIRE_TIME decimal(20,0) null,
	PRIORITY int null,
	TRIGGER_STATE varchar(16) not null,
	TRIGGER_TYPE varchar(8) not null,
	START_TIME decimal(20,0) not null,
	END_TIME decimal(20,0) null,
	CALENDAR_NAME varchar(80) null,
	MISFIRE_INSTR int null,
	JOB_DATA image null,
	primary key (TRIGGER_NAME, TRIGGER_GROUP)
)
go

create table QUARTZ_SIMPLE_TRIGGERS (
	TRIGGER_NAME varchar(80) not null,
	TRIGGER_GROUP varchar(80) not null,
	REPEAT_COUNT decimal(20,0) not null,
	REPEAT_INTERVAL decimal(20,0) not null,
	TIMES_TRIGGERED decimal(20,0) not null,
	primary key (TRIGGER_NAME, TRIGGER_GROUP)
)
go

create table QUARTZ_CRON_TRIGGERS (
	TRIGGER_NAME varchar(80) not null,
	TRIGGER_GROUP varchar(80) not null,
	CRON_EXPRESSION varchar(80) not null,
	TIME_ZONE_ID varchar(80),
	primary key (TRIGGER_NAME, TRIGGER_GROUP)
)
go

create table QUARTZ_BLOB_TRIGGERS (
	TRIGGER_NAME varchar(80) not null,
	TRIGGER_GROUP varchar(80) not null,
	BLOB_DATA image null,
	primary key (TRIGGER_NAME, TRIGGER_GROUP)
)
go

create table QUARTZ_TRIGGER_LISTENERS (
	TRIGGER_NAME varchar(80) not null,
	TRIGGER_GROUP varchar(80) not null,
	TRIGGER_LISTENER varchar(80) not null,
	primary key (TRIGGER_NAME, TRIGGER_GROUP, TRIGGER_LISTENER)
)
go

create table QUARTZ_CALENDARS (
	CALENDAR_NAME varchar(80) not null primary key,
	CALENDAR image not null
)
go

create table QUARTZ_PAUSED_TRIGGER_GRPS (
	TRIGGER_GROUP varchar(80) not null primary key
)
go

create table QUARTZ_FIRED_TRIGGERS (
	ENTRY_ID varchar(95) not null primary key,
	TRIGGER_NAME varchar(80) not null,
	TRIGGER_GROUP varchar(80) not null,
	IS_VOLATILE int not null,
	INSTANCE_NAME varchar(80) not null,
	FIRED_TIME decimal(20,0) not null,
	PRIORITY int not null,
	STATE varchar(16) not null,
	JOB_NAME varchar(80) null,
	JOB_GROUP varchar(80) null,
	IS_STATEFUL int null,
	REQUESTS_RECOVERY int null
)
go

create table QUARTZ_SCHEDULER_STATE (
	INSTANCE_NAME varchar(80) not null primary key,
	LAST_CHECKIN_TIME decimal(20,0) not null,
	CHECKIN_INTERVAL decimal(20,0) not null
)
go

create table QUARTZ_LOCKS (
	LOCK_NAME varchar(40) not null primary key
)
go

go

insert into QUARTZ_LOCKS values('TRIGGER_ACCESS')
go
insert into QUARTZ_LOCKS values('JOB_ACCESS')
go
insert into QUARTZ_LOCKS values('CALENDAR_ACCESS')
go
insert into QUARTZ_LOCKS values('STATE_ACCESS')
go
insert into QUARTZ_LOCKS values('MISFIRE_ACCESS')
go

create index IX_F7655CC3 on QUARTZ_TRIGGERS (NEXT_FIRE_TIME)
go
create index IX_9955EFB5 on QUARTZ_TRIGGERS (TRIGGER_STATE)
go
create index IX_8040C593 on QUARTZ_TRIGGERS (TRIGGER_STATE, NEXT_FIRE_TIME)
go
create index IX_804154AF on QUARTZ_FIRED_TRIGGERS (INSTANCE_NAME)
go
create index IX_BAB9A1F7 on QUARTZ_FIRED_TRIGGERS (JOB_GROUP)
go
create index IX_ADEE6A17 on QUARTZ_FIRED_TRIGGERS (JOB_NAME)
go
create index IX_64B194F2 on QUARTZ_FIRED_TRIGGERS (TRIGGER_GROUP)
go
create index IX_5FEABBC on QUARTZ_FIRED_TRIGGERS (TRIGGER_NAME)
go
create index IX_20D8706C on QUARTZ_FIRED_TRIGGERS (TRIGGER_NAME, TRIGGER_GROUP)
go



go
